isin,yield,as_of,source,trade_value_cr
INE002A07809,7.8,2026-09-24,NSE,100.0
INE002A08534,7.67,2026-10-08,NSE,25.0
INE002A08542,7.68,2026-09-28,NSE,50.0
INE002A08708,7.4639,2026-09-25,NSE,25.01
INE002A08716,7.8337,2026-10-09,NSE,350.0
INE003L07077,12.75,2026-10-08,BSE,5.02
INE003L07218,12.75,2026-09-16,BSE,6.9
INE00DJ07052,12.4611,2026-10-09,BSE,1.21
INE00JW07011,5.0,2026-10-08,NSE,54.5
INE00K807019,13.5,2026-10-06,BSE,2.0
INE00V208124,8.4,2026-09-30,NSE,30.0
INE00XL07015,10.1679,2026-10-09,NSE,1.22
INE00Z707014,15.1037,2026-09-11,NSE,2.5
INE015L07824,9.94,2026-09-10,BSE,5.0
INE016P07211,9.3878,2026-10-08,NSE,1.11
INE018A08BE9,7.64,2026-09-29,NSE,15.0
INE018A08BL4,7.8,2026-09-24,NSE,100.0
INE018A08BM2,7.8,2026-09-24,NSE,215.0
INE018E08342,8.4,2026-10-09,NSE,17.0
INE018E08367,8.415,2026-10-09,NSE,10.0
INE01CYA7450,13.75,2026-09-30,BSE,1.5
INE01HV07528,9.5998,2026-09-28,BSE,2.61
INE01HV07536,10.9,2026-10-09,BSE,1.5
INE01HV07551,9.43,2026-10-08,BSE,1.97
INE01HV07601,9.53,2026-10-09,BSE,2.0
INE01HV07627,10.52,2026-09-15,BSE,4.0
INE01HV07635,10.2366,2026-09-30,BSE,1.53
INE01MM08012,7.8273,2026-10-09,BSE,1.0
INE01QP08016,8.425,2026-10-09,NSE,60.0
INE01R507066,10.6464,2026-10-09,BSE,1.0
INE01TY08012,8.09,2026-09-23,NSE,5.0
INE01WN07136,8.12,2026-09-22,BSE,24.0
INE01XX07034,7.826,2026-09-25,NSE,10.0
INE01XX07059,7.4792,2026-09-16,NSE,60.0
INE01YL07326,9.8769,2026-09-18,BSE,9.94
INE01YL07334,10.915,2026-09-23,BSE,2.06
INE01YL07383,9.6346,2026-09-10,BSE,4.06
INE01YL07391,10.9633,2026-09-28,BSE,2.77
INE01YL07409,10.7252,2026-10-01,BSE,47.32
INE01YL07417,11.2165,2026-10-06,NSE,3.46
INE01YL07433,11.1966,2026-10-08,NSE,1.75
INE01YL07441,11.4177,2026-09-28,NSE,1.84
INE01YL07458,11.1287,2026-10-09,NSE,1.01
INE01YL07466,11.4907,2026-09-29,BSE,10.49
INE01YL07474,11.2,2026-10-08,NSE,2.0
INE020B07GH7,5.7833,2026-10-09,NSE,11.78
INE020B07HP8,5.25,2026-09-17,NSE,1.38
INE020B07JT6,5.0624,2026-10-08,BSE,12.74
INE020B08AA3,6.2,2026-10-06,NSE,30.0
INE020B08AC9,6.35,2026-10-06,NSE,5.0
INE020B08AH8,6.97,2026-10-06,NSE,30.0
INE020B08AX5,7.6,2026-09-15,NSE,5.0
INE020B08AY3,7.45,2026-09-11,NSE,100.0
INE020B08AZ0,7.47,2026-09-11,NSE,35.0
INE020B08BB9,7.7385,2026-09-22,BSE,2.2
INE020B08BH6,7.78,2026-09-29,NSE,25.0
INE020B08BP9,8.037,2026-09-11,NSE,27.6
INE020B08BS3,7.7,2026-09-22,NSE,11.0
INE020B08CI2,7.72,2026-09-18,NSE,75.0
INE020B08CJ0,7.88,2026-09-29,NSE,15.0
INE020B08CU7,7.74,2026-09-23,NSE,25.0
INE020B08CW3,7.6899,2026-09-29,BSE,8.0
INE020B08CX1,7.6893,2026-09-29,BSE,3.7
INE020B08DM2,7.6871,2026-09-29,BSE,3.5
INE020B08DO8,7.84,2026-10-09,NSE,2.0
INE020B08DX9,7.9533,2026-09-22,BSE,15.0
INE020B08EG2,7.78,2026-09-23,NSE,25.0
INE020B08EJ6,8.0789,2026-10-08,NSE,50.0
INE020B08EK4,6.5671,2026-10-08,NSE,5.2
INE020B08EO6,8.0579,2026-10-01,NSE,25.0
INE020B08EW9,6.8636,2026-10-08,NSE,110.0
INE020B08EX7,7.395,2026-10-09,NSE,50.0
INE020B08FA2,7.2,2026-10-08,BSE,1.0
INE020B08FB0,7.88,2026-10-06,NSE,25.0
INE020B08FD6,7.6914,2026-10-07,NSE,100.0
INE020B08FF1,7.26,2026-09-25,NSE,200.0
INE020B08FG9,7.88,2026-10-01,NSE,100.0
INE020B08FH7,5.9,2026-10-08,NSE,200.0
INE020B08FJ3,7.1903,2026-10-08,BSE,20.0
INE020B08FL9,7.7,2026-10-05,NSE,50.0
INE020B08FN5,7.9,2026-09-29,NSE,25.0
INE020B08FQ8,7.88,2026-10-06,NSE,25.0
INE020B08FR6,7.44,2026-09-11,NSE,50.0
INE020B08FU0,7.875,2026-10-05,NSE,25.0
INE020B08FV8,7.88,2026-10-06,NSE,50.0
INE020B08FW6,7.7,2026-10-08,BSE,25.0
INE020B08FX4,7.25,2026-09-29,NSE,25.0
INE020B08FY2,7.8,2026-10-01,NSE,30.0
INE020B08FZ9,7.58,2026-09-30,NSE,20.0
INE020B08GB8,7.6968,2026-10-09,NSE,75.0
INE020B08GC6,7.7,2026-10-05,NSE,25.0
INE020B08GD4,7.74,2026-09-30,NSE,25.0
INE020B08GE2,7.87,2026-09-24,NSE,25.0
INE020B08GF9,7.895,2026-10-08,NSE,500.0
INE020B08GG7,7.7,2026-10-05,NSE,25.0
INE020B08GH5,7.633,2026-10-09,BSE,25.0
INE020B08GI3,7.885,2026-10-08,NSE,25.0
INE020B08GJ1,7.7499,2026-10-08,NSE,25.0
INE020B08GL7,7.6429,2026-10-09,NSE,300.0
INE020B08GM5,7.8722,2026-10-09,NSE,4.8
INE027208045,8.73,2026-10-08,NSE,5.0
INE027A08044,7.6626,2026-09-09,NSE,20.0
INE027E07CO1,8.115,2026-09-30,BSE,1.4
INE028A08166,7.6521,2026-09-16,BSE,3.0
INE028A08265,7.49,2026-09-09,BSE,20.0
INE028A08299,7.81,2026-09-11,NSE,10.0
INE02JD08023,8.8516,2026-10-09,NSE,14.0
INE02KN07105,8.21,2026-09-22,BSE,50.0
INE02KN08012,8.9268,2026-10-09,NSE,64.21
INE02PE08036,8.85,2026-09-28,NSE,1.0
INE02QA07059,9.8898,2026-10-08,BSE,40.0
INE02QA07067,9.5638,2026-10-08,BSE,10.92
INE031A07840,5.7833,2026-10-09,NSE,3.0
INE031A07865,5.25,2026-09-11,BSE,2.6
INE031A08699,7.6,2026-09-23,NSE,10.0
INE031A08939,7.94,2026-10-09,NSE,25.0
INE031A08947,7.885,2026-10-06,NSE,25.0
INE031A08970,7.85,2026-09-28,NSE,25.0
INE031A08988,7.7,2026-10-05,NSE,25.0
INE031A08AB0,7.8538,2026-09-11,NSE,2.0
INE031A08AC8,7.65,2026-10-05,NSE,175.0
INE033L07HQ8,7.58,2026-09-18,NSE,25.0
INE033L07HU0,7.61,2026-09-18,NSE,45.0
INE033L07HY2,7.95,2026-10-09,NSE,50.0
INE033L07IB8,8.23,2026-10-09,NSE,150.0
INE033L07ID4,7.32,2026-10-07,NSE,100.0
INE033L07IE2,7.15,2026-10-09,NSE,50.0
INE033L07IJ1,8.28,2026-10-08,NSE,50.0
INE033L07IK9,8.09,2026-10-08,NSE,50.0
INE033L07IM5,8.3,2026-10-01,NSE,5.0
INE033L07IN3,8.17,2026-10-01,NSE,150.0
INE033L07IO1,7.85,2026-10-01,NSE,50.0
INE033L07IP8,8.2881,2026-10-07,NSE,10.05
INE033L07IR4,8.09,2026-10-07,NSE,25.0
INE033L07IT0,8.25,2026-09-30,NSE,50.0
INE033L07IU8,8.34,2026-10-07,NSE,25.0
INE033L07IV6,8.3408,2026-10-05,NSE,185.0
INE033L07IW4,8.1806,2026-10-05,NSE,20.0
INE03G407011,18.43,2026-10-06,BSE,40.0
INE03K307116,9.0252,2026-09-17,BSE,9.1
INE03K307132,9.0,2026-09-17,BSE,4.0
INE03K307140,9.0,2026-09-17,BSE,3.0
INE03K307165,12.3,2026-10-08,BSE,2.5
INE03K307173,11.6679,2026-10-07,NSE,1.26
INE03K307181,11.895,2026-10-09,BSE,2.0
INE03K307199,12.4968,2026-10-08,BSE,3.01
INE03K307207,11.7214,2026-09-10,NSE,1.65
INE03K307215,11.7554,2026-10-08,BSE,1.0
INE03W107249,8.1004,2026-10-05,NSE,35.03
INE040A08393,8.0,2026-10-09,BSE,10.0
INE040A08401,7.7133,2026-09-28,BSE,30.0
INE040A08427,8.05,2026-09-25,NSE,25.0
INE040A08492,7.5799,2026-10-01,NSE,80.0
INE040A08666,8.045,2026-10-07,NSE,5.0
INE040A08674,7.665,2026-09-18,BSE,1.8
INE040A08781,7.9,2026-09-30,NSE,1.3
INE040A08799,8.0333,2026-09-22,BSE,100.0
INE040A08807,8.03,2026-09-29,NSE,100.0
INE040A08823,7.12,2026-10-05,BSE,5.0
INE040A08864,8.0,2026-09-24,NSE,110.0
INE040A08914,8.0,2026-09-24,NSE,75.0
INE040A08955,7.75,2026-10-09,BSE,3.0
INE040A08AB1,7.95,2026-10-08,NSE,50.0
INE040A08AC9,7.87,2026-09-16,NSE,115.0
INE040A08AF2,8.0083,2026-09-24,NSE,150.0
INE041007084,6.6,2026-10-01,NSE,50.0
INE041007092,7.85,2026-10-05,NSE,5.0
INE041007183,7.54,2026-10-06,NSE,25.0
INE044N07010,16.2,2026-10-06,BSE,7.5
INE046W07396,9.7478,2026-10-08,BSE,2.09
INE049A07057,11.25,2026-10-07,BSE,1.5
INE049A07065,13.5,2026-10-01,BSE,5.0
INE049A07073,14.1987,2026-10-06,BSE,1.95
INE049A07081,13.4679,2026-10-09,BSE,7.75
INE049A07107,15.0,2026-10-06,BSE,3.0
INE049A07115,15.0,2026-10-06,BSE,15.0
INE049A08022,14.5333,2026-10-09,BSE,1.79
INE04HY07286,11.5042,2026-10-01,BSE,2.33
INE04HY07294,13.5,2026-10-06,BSE,2.12
INE04HY07419,12.1471,2026-10-05,BSE,3.08
INE04HY08011,13.0892,2026-09-29,BSE,5.08
INE04K307016,8.4991,2026-10-08,BSE,250.0
INE04Q907207,13.4412,2026-10-06,BSE,1.02
INE04Q907223,13.4982,2026-09-28,NSE,1.71
INE04Q907231,14.54,2026-10-09,BSE,4.0
INE04UP07188,11.8922,2026-09-23,NSE,1.85
INE04UP07196,14.41,2026-10-07,BSE,1.0
INE04UP07204,14.25,2026-10-09,BSE,1.0
INE04UP07246,12.9976,2026-10-09,BSE,1.05
INE04UP07253,13.0789,2026-10-09,BSE,3.8
INE04VS07370,10.12,2026-09-28,BSE,1.26
INE04VS07388,9.3401,2026-09-11,NSE,33.6
INE04VS07438,9.6,2026-10-05,NSE,1.0
INE04VS07479,9.8,2026-09-30,NSE,1.23
INE04VS07511,10.25,2026-09-15,BSE,1.0
INE04VS07545,10.2954,2026-09-29,NSE,35.62
INE04VS07552,10.4653,2026-10-06,BSE,20.02
INE053F07579,5.35,2026-09-17,BSE,3.1
INE053F07660,5.5318,2026-09-25,BSE,1.0
INE053F07728,5.6311,2026-09-09,BSE,1.25
INE053F07900,5.2249,2026-10-08,BSE,1.7
INE053F07983,6.87,2026-10-05,NSE,25.0
INE053F07AA7,7.43,2026-10-01,NSE,25.0
INE053F07AB5,7.45,2026-10-08,NSE,15.0
INE053F07AC3,7.5177,2026-09-23,BSE,5.0
INE053F07BA5,7.71,2026-10-06,NSE,20.0
INE053F07BU3,7.7431,2026-10-07,NSE,5.0
INE053F07BW9,7.73,2026-10-07,NSE,50.0
INE053F07BX7,7.58,2026-09-11,NSE,5.0
INE053F07CQ9,7.85,2026-10-01,NSE,70.0
INE053F08122,7.715,2026-09-15,NSE,50.0
INE053F08155,7.7126,2026-09-29,BSE,16.5
INE053F08304,5.8,2026-09-23,NSE,450.0
INE053F08312,5.9,2026-09-10,NSE,125.0
INE053F08338,6.4758,2026-10-07,NSE,25.0
INE053F08346,7.87,2026-10-08,NSE,75.0
INE053F08353,7.76,2026-10-09,NSE,25.0
INE053F08379,7.87,2026-10-06,NSE,10.0
INE053F08387,7.4,2026-09-09,NSE,50.0
INE053F08395,7.86,2026-10-06,NSE,100.0
INE053F08403,7.86,2026-10-06,NSE,25.0
INE053F08411,7.8,2026-10-09,NSE,50.0
INE053F08460,7.67,2026-09-10,NSE,25.0
INE053F08478,7.93,2026-09-29,NSE,50.0
INE053F08486,7.68,2026-09-11,NSE,75.0
INE053F08502,7.78,2026-09-28,NSE,50.0
INE053F08536,7.1,2026-09-15,BSE,10.0
INE053F09GX2,7.32,2026-09-25,BSE,1.6
INE05F407EC8,11.957,2026-10-09,BSE,24.39
INE05JR07093,12.9616,2026-10-01,BSE,3.0
INE05TX07090,8.1181,2026-10-09,BSE,2.76
INE062A08298,7.0,2026-09-18,BSE,20.0
INE062A08314,8.0034,2026-10-06,BSE,45.0
INE062A08348,7.9333,2026-09-22,BSE,30.0
INE062A08371,7.6,2026-09-09,BSE,2.0
INE062A08389,7.9333,2026-09-22,BSE,25.0
INE062A08413,8.04,2026-10-05,BSE,10.0
INE062A08447,7.88,2026-10-08,NSE,20.0
INE062A08454,7.357,2026-09-15,NSE,1.0
INE062A08462,7.6542,2026-09-16,NSE,2.0
INE062A08496,7.92,2026-10-08,NSE,7.0
INE062A08504,7.7253,2026-09-25,BSE,10.0
INE06E507371,13.9984,2026-09-30,BSE,58.5
INE06E507389,15.25,2026-09-09,BSE,1.0
INE06E507397,13.9889,2026-09-30,BSE,30.0
INE06E507405,13.0,2026-10-08,BSE,7.0
INE06E507413,13.9889,2026-09-30,BSE,6.3
INE06E507421,13.9889,2026-09-30,BSE,13.5
INE06E507439,13.9889,2026-09-30,BSE,32.7
INE06E507454,12.125,2026-10-08,BSE,1.2
INE06E507462,14.6183,2026-10-09,BSE,9.3
INE06E507470,14.0,2026-09-30,BSE,16.4
INE06E507488,11.4569,2026-09-22,BSE,2.0
INE06E507496,15.2237,2026-10-01,BSE,1.9
INE06E507561,13.9875,2026-09-30,BSE,30.0
INE06WU07080,11.1002,2026-10-09,BSE,5.21
INE06WU07098,11.2,2026-10-05,NSE,1.94
INE071G07462,6.66,2026-10-05,NSE,125.0
INE071G07819,7.58,2026-09-21,NSE,25.0
INE071G07827,8.04,2026-10-07,NSE,50.0
INE076I07061,12.187,2026-10-06,BSE,3.21
INE07HK07817,7.759,2026-10-07,NSE,1.09
INE07HK07825,11.9106,2026-09-24,BSE,3.91
INE07HK07841,10.0327,2026-10-09,NSE,3.63
INE07HK07866,10.3415,2026-10-07,NSE,2.74
INE07HK07882,10.2615,2026-10-09,BSE,2.17
INE07PX08019,9.5384,2026-10-06,BSE,10.0
INE081A08215,6.25,2026-09-10,NSE,40.0
INE081A08330,7.73,2026-09-17,NSE,50.0
INE084A08185,7.4848,2026-09-18,BSE,2.0
INE087P07451,9.425,2026-10-07,BSE,10.0
INE087P07469,9.1,2026-10-06,BSE,5.0
INE087P07477,9.4,2026-10-07,NSE,6.0
INE08E807183,10.4679,2026-10-06,NSE,1.04
INE08E808041,12.8838,2026-10-09,NSE,2.09
INE08E808082,13.6868,2026-10-09,BSE,2.2
INE08EQ08031,9.0,2026-09-22,NSE,4.0
INE08KJ07142,10.0,2026-09-17,BSE,3.91
INE08KJ07191,11.0515,2026-10-08,NSE,1.32
INE08KJ07217,11.0012,2026-10-05,NSE,1.63
INE08KJ07225,12.5,2026-10-08,BSE,4.0
INE08X507707,14.93,2026-09-15,BSE,2.05
INE08X507715,14.93,2026-09-29,BSE,1.25
INE08XP07324,14.0185,2026-10-01,NSE,3.0
INE08XP07464,14.85,2026-10-01,BSE,2.0
INE08XP07522,13.09,2026-10-09,NSE,1.78
INE08XP07530,13.0,2026-10-09,BSE,1.0
INE08XP07548,14.0551,2026-10-09,NSE,1.63
INE08Z607091,9.6,2026-09-29,NSE,10.0
INE08Z607133,9.5,2026-09-17,NSE,30.0
INE08Z607158,9.6,2026-09-24,NSE,35.0
INE090A08TY8,7.5,2026-10-07,BSE,10.0
INE090A08UE8,7.6,2026-09-15,NSE,75.0
INE090A08UF5,7.69,2026-10-01,BSE,100.0
INE090A08UL3,8.0,2026-09-28,NSE,25.0
INE090R07071,15.0,2026-10-05,NSE,25.0
INE091608088,9.058,2026-09-30,NSE,50.0
INE091A07208,7.7,2026-09-25,NSE,50.0
INE093J075W7,7.5,2026-09-24,NSE,1.64
INE093J076S3,7.5,2026-09-17,NSE,1.25
INE093J08575,9.5,2026-10-01,NSE,10.5
INE093J08583,9.5,2026-09-21,NSE,5.14
INE093J08609,9.5,2026-10-01,NSE,20.0
INE093J08617,9.25,2026-10-01,NSE,6.17
INE093J08625,9.0,2026-10-01,NSE,12.27
INE093J08641,9.0,2026-10-01,NSE,35.93
INE093J08658,9.0,2026-10-01,NSE,99.0
INE093JA7096,7.5,2026-09-24,NSE,1.26
INE093JA70G0,7.5,2026-09-22,NSE,1.06
INE093JA70S5,8.0,2026-09-18,NSE,1.74
INE093JA70Y3,7.5,2026-09-29,NSE,2.68
INE093JA71S3,7.5,2026-09-28,NSE,3.0
INE093JA71T1,7.5,2026-09-30,NSE,1.61
INE093JA71V7,7.5,2026-10-06,NSE,2.0
INE093JA72D3,7.5,2026-09-15,NSE,1.68
INE093JA72G6,7.5,2026-09-24,NSE,1.6
INE093JA72O0,7.5,2026-09-28,NSE,2.4
INE093JA72S1,7.5,2026-09-24,NSE,1.62
INE093JA72T9,7.5,2026-10-06,NSE,1.2
INE093JA72U7,7.5,2026-09-23,NSE,1.5
INE093JA73E9,7.5,2026-10-06,NSE,1.6
INE093JA73P5,7.5,2026-09-25,NSE,1.6
INE093JA73Q3,7.5,2026-09-25,NSE,1.05
INE093JA73U5,7.5,2026-10-06,NSE,2.0
INE093JA74C1,7.5,2026-09-29,NSE,2.63
INE093JA74P3,7.5,2026-09-24,NSE,1.88
INE093JA74R9,7.5,2026-09-24,NSE,3.41
INE093JA74T5,7.5,2026-09-22,NSE,2.4
INE093JA7526,7.5,2026-09-23,NSE,1.12
INE093JA7583,7.5,2026-09-28,NSE,1.76
INE093JA75E4,7.5,2026-09-24,NSE,1.28
INE093JA75L9,7.5,2026-09-24,NSE,1.6
INE093JA75R6,7.5,2026-09-25,NSE,1.17
INE093JA75S4,7.5,2026-10-08,NSE,1.93
INE093JA76H5,7.5,2026-09-24,NSE,1.2
INE093JA76R4,7.5,2026-10-06,NSE,5.36
INE093JA76U8,7.5,2026-09-30,NSE,1.0
INE093JA77C4,7.5,2026-09-24,NSE,1.88
INE093JA77E0,7.5,2026-10-08,NSE,1.63
INE093JA77S0,7.5,2026-10-08,NSE,1.6
INE093JA77V4,7.5,2026-09-24,NSE,1.6
INE093JA78R0,7.5,2026-09-28,NSE,1.26
INE093JA78S8,7.5,2026-09-25,NSE,1.25
INE093JA78Z3,7.5,2026-09-29,NSE,1.59
INE093JA79E6,7.5,2026-10-08,NSE,1.14
INE093JA79Q0,7.5,2026-10-05,NSE,1.2
INE093JA79U2,7.5,2026-09-29,NSE,2.12
INE093JA79V0,7.5,2026-09-30,NSE,1.6
INE093JA7AL0,7.5,2026-09-10,NSE,1.25
INE093JA7AM8,7.5,2026-09-10,NSE,1.27
INE093JA7AU1,7.5,2026-09-24,NSE,1.0
INE093JA7AY3,7.5,2026-09-17,NSE,1.72
INE093JA7BM6,7.5,2026-09-22,NSE,1.23
INE093JA7CE1,7.5,2026-09-25,NSE,2.09
INE093JA7CL6,7.5,2026-09-24,NSE,1.0
INE093JA7CV5,7.5,2026-09-24,NSE,1.09
INE093JA7DC3,7.5,2026-09-24,NSE,5.88
INE093JB7061,7.5,2026-09-30,NSE,2.92
INE093JB7079,7.5,2026-09-30,NSE,1.13
INE093JB70N4,8.0,2026-10-05,NSE,1.2
INE093JB71H4,8.0,2026-09-15,NSE,1.5
INE093JB7236,7.5,2026-09-30,NSE,1.6
INE093JB72I0,8.0,2026-09-18,NSE,1.2
INE093JB7301,7.5,2026-09-30,NSE,1.6
INE093JB7335,7.5,2026-10-06,NSE,4.24
INE093JB7343,7.5,2026-09-30,NSE,1.63
INE093JB7368,7.5,2026-09-29,NSE,1.6
INE093JB7392,7.5,2026-09-29,NSE,4.0
INE093JB73L2,8.0,2026-09-18,NSE,1.22
INE093JB7400,7.5,2026-09-29,NSE,1.78
INE093JB7467,7.5,2026-10-06,NSE,2.08
INE093JB7491,7.5,2026-09-24,NSE,1.6
INE093JB7566,7.5,2026-09-24,NSE,1.6
INE093JB75L7,8.0,2026-09-18,NSE,1.76
INE093JB75W4,8.0,2026-09-15,NSE,1.6
INE093JB77I9,8.0,2026-09-18,NSE,1.44
INE093JB77R0,8.0,2026-09-18,NSE,1.81
INE093JB79X4,8.0,2026-10-08,NSE,40.0
INE093JB7AR6,7.5,2026-10-07,NSE,5.65
INE093JB7BC6,7.5,2026-09-24,NSE,5.0
INE093JB7C08,8.0,2026-10-05,NSE,1.2
INE093JB7C81,8.0,2026-10-08,NSE,4.0
INE093JB7CM3,7.5,2026-10-08,NSE,4.33
INE093JB7CT8,7.5,2026-09-29,NSE,1.25
INE093JB7DH1,7.5,2026-10-05,NSE,1.08
INE093JB7E14,8.0,2026-09-18,NSE,1.08
INE093JB7G79,8.0,2026-09-18,NSE,1.6
INE093JB7GB7,7.5,2026-09-23,NSE,1.5
INE093JB7GC5,7.5,2026-09-23,NSE,1.5
INE093JB7GI2,7.5,2026-09-23,NSE,1.5
INE093JB7GW3,7.5,2026-09-23,NSE,1.5
INE093JB7HO8,7.5,2026-09-22,NSE,1.12
INE093JB7I69,8.0,2026-09-18,NSE,4.8
INE093JB7J68,8.0,2026-09-18,NSE,1.2
INE093JB7N62,8.0,2026-10-08,NSE,7.0
INE093JB7S26,8.0,2026-10-05,NSE,1.0
INE093JB7SF3,7.5,2026-10-08,NSE,5.6
INE093JB7SR8,7.5,2026-09-18,NSE,2.72
INE093JB7TW6,8.0,2026-09-18,NSE,1.0
INE093JB7XM9,8.0,2026-10-08,NSE,5.6
INE093JC7DB3,8.0,2026-10-05,NSE,1.12
INE093JC7EF2,8.0,2026-10-05,NSE,1.76
INE093JC7OH7,8.0,2026-09-10,NSE,1.2
INE093JC7OI5,8.0,2026-09-18,NSE,1.2
INE093JC7OS4,8.0,2026-09-29,NSE,1.2
INE093JC7OV8,8.0,2026-10-01,NSE,1.2
INE093JC7PK8,8.0,2026-10-08,NSE,1.2
INE093JC7PO0,8.0,2026-10-09,NSE,1.2
INE09B308044,12.7416,2026-09-18,BSE,4.66
INE09MN18012,5.0,2026-09-17,NSE,2.6
INE09MO18010,5.0,2026-09-17,NSE,1.69
INE09PO07180,11.0,2026-09-28,BSE,1.0
INE09PO07321,13.1667,2026-09-24,BSE,30.0
INE09PO07347,12.975,2026-10-01,BSE,5.0
INE09PO07354,12.4742,2026-10-06,BSE,13.0
INE09PO07362,13.0,2026-10-07,BSE,15.0
INE09PO07370,11.66,2026-10-09,BSE,3.0
INE0A2407100,0.0001,2026-09-17,BSE,15.09
INE0A3007073,11.6518,2026-09-23,NSE,1.63
INE0A3007099,11.2833,2026-10-09,BSE,5.0
INE0AD507093,8.0,2026-09-11,BSE,25.0
INE0AD508026,7.9773,2026-09-24,NSE,74.2
INE0B2O07011,10.4081,2026-10-08,BSE,15.19
INE0B3K07066,14.2853,2026-10-09,BSE,6.8
INE0BBH07059,14.0,2026-10-09,BSE,59.21
INE0BBH07075,8.656,2026-10-08,NSE,70.0
INE0BFN18014,5.0,2026-09-17,NSE,21.51
INE0BNQ07162,13.89,2026-10-08,BSE,2.5
INE0BUS07BU1,10.582,2026-09-10,BSE,2.0
INE0BUS07CH6,11.6478,2026-09-17,NSE,3.42
INE0BUS07CJ2,11.3978,2026-10-08,BSE,6.85
INE0BUS07CK0,11.6692,2026-10-06,NSE,1.34
INE0BUS07CL8,11.75,2026-10-01,BSE,1.5
INE0BUS07CM6,11.2,2026-09-25,BSE,1.25
INE0BUS07CN4,11.7789,2026-10-08,BSE,12.9
INE0BUS07CQ7,12.0908,2026-10-08,BSE,1.79
INE0BUS07CR5,10.8371,2026-10-06,BSE,1.06
INE0BUS07CS3,11.5552,2026-10-09,BSE,22.03
INE0BUS07CT1,11.9778,2026-10-09,BSE,20.18
INE0C0E07TE7,12.5,2026-09-25,BSE,1.0
INE0CCU07090,6.5,2026-09-23,NSE,75.0
INE0CTD07074,10.0,2026-10-09,BSE,1.0
INE0CYK07046,12.1479,2026-10-06,NSE,2.07
INE0D3I18032,5.0,2026-09-17,NSE,8.84
INE0D4Z07011,11.25,2026-09-15,BSE,9.95
INE0D4Z07029,11.3179,2026-10-07,NSE,1.26
INE0D8F07055,10.65,2026-10-09,BSE,2.0
INE0DBJ07242,8.25,2026-09-16,NSE,5.0
INE0DG907370,12.55,2026-10-05,BSE,2.6
INE0DG907388,11.716,2026-10-07,NSE,1.3
INE0DLY07042,12.3,2026-09-17,BSE,5.0
INE0DLY07067,13.5989,2026-09-17,BSE,3.9
INE0DLY07075,14.75,2026-09-29,BSE,5.0
INE0DLY07083,13.2278,2026-09-29,BSE,2.3
INE0DZE08042,8.25,2026-09-11,NSE,20.0
INE0E2T07108,13.3,2026-10-06,BSE,1.2
INE0E2T07116,13.3389,2026-09-29,BSE,13.2
INE0E2T07124,14.0,2026-10-09,BSE,6.5
INE0FKG07087,13.2946,2026-09-24,BSE,2.42
INE0FWI07153,11.9246,2026-10-09,NSE,2.91
INE0GCN07054,8.9457,2026-10-09,BSE,1.51
INE0GCN07062,9.2272,2026-10-08,BSE,5.77
INE0GOL07087,13.0,2026-09-17,BSE,1.0
INE0GXL07047,11.02,2026-09-11,BSE,2.0
INE0GXL07062,11.2143,2026-09-28,BSE,2.1
INE0GXL07070,12.67,2026-09-29,BSE,2.5
INE0GXL07088,15.31,2026-09-11,BSE,4.0
INE0H7K08036,16.0,2026-10-08,BSE,20.0
INE0H8L07018,11.89,2026-10-08,NSE,8.68
INE0I2418035,5.0,2026-09-17,NSE,5.77
INE0I2518032,5.0,2026-09-17,NSE,1.57
INE0I2718038,5.0,2026-09-17,NSE,9.49
INE0I5X07034,15.931,2026-10-06,NSE,1.25
INE0I5X07042,15.8,2026-10-06,BSE,2.0
INE0I5X07067,15.7418,2026-10-09,BSE,1.06
INE0I5X07075,15.4034,2026-10-01,BSE,1.76
INE0I5X07083,13.5746,2026-10-08,BSE,4.41
INE0IID07553,13.8,2026-10-07,BSE,5.07
INE0IID07744,13.25,2026-09-10,BSE,13.0
INE0IID07769,13.8,2026-10-09,BSE,1.4
INE0IID07785,13.8,2026-09-25,BSE,4.0
INE0IID07827,13.5,2026-09-17,BSE,2.09
INE0IIP18018,5.0,2026-09-17,NSE,2.82
INE0IX207254,11.52,2026-09-23,NSE,5.33
INE0IX207270,11.45,2026-10-07,NSE,5.0
INE0IX207288,11.5891,2026-10-08,NSE,7.62
INE0IX207296,11.39,2026-10-05,BSE,99.88
INE0J4S07028,21.34,2026-09-28,BSE,5.0
INE0J4S07036,21.34,2026-09-10,BSE,18.9
INE0J6707118,14.05,2026-09-25,BSE,7.1
INE0JEF07209,15.75,2026-09-29,NSE,2.4
INE0JFK07115,17.7778,2026-09-30,BSE,9.0
INE0JTP07230,17.0,2026-09-29,NSE,1.12
INE0JTP07248,14.1417,2026-09-28,BSE,3.68
INE0JZO07024,14.3561,2026-10-05,NSE,8.37
INE0JZO07032,14.3453,2026-10-05,BSE,1.2
INE0JZO07040,13.7892,2026-10-08,BSE,2.26
INE0JZO07057,13.6028,2026-10-09,NSE,22.22
INE0K2Q07130,14.0,2026-09-25,NSE,19.0
INE0K2Q07221,14.4545,2026-10-05,BSE,2.2
INE0K2Q07239,15.0,2026-10-05,BSE,2.0
INE0KAI18032,5.0,2026-09-17,NSE,8.5
INE0KSZ18012,5.0,2026-09-17,NSE,2.58
INE0KUG08027,7.965,2026-10-09,NSE,50.0
INE0KUG08076,7.92,2026-09-28,NSE,50.0
INE0KUG08084,7.98,2026-10-08,NSE,25.0
INE0KUG08100,7.93,2026-10-05,NSE,25.0
INE0KUG08142,7.81,2026-09-24,NSE,15.0
INE0KUG08159,7.9633,2026-10-08,NSE,240.0
INE0KUG08167,7.5846,2026-10-06,NSE,60.0
INE0L6807112,13.79,2026-10-08,BSE,3.76
INE0L6807138,13.79,2026-10-08,BSE,8.46
INE0L6807146,15.3,2026-09-24,BSE,10.14
INE0L6807187,15.3,2026-09-24,BSE,7.8
INE0L6807211,16.74,2026-09-24,BSE,8.47
INE0L6807245,15.36,2026-10-08,BSE,26.04
INE0L6807278,6.73,2026-10-01,BSE,8.48
INE0L6807286,6.73,2026-10-01,BSE,12.72
INE0L6807302,14.26,2026-09-17,BSE,11.85
INE0L6807328,14.42,2026-09-24,BSE,11.2
INE0L6807336,6.88,2026-09-24,BSE,4.24
INE0LEQ07186,11.25,2026-09-28,BSE,10.0
INE0LEQ07202,11.8378,2026-10-07,NSE,1.0
INE0LN107063,11.9988,2026-10-09,NSE,3.01
INE0M2007020,14.0,2026-09-24,NSE,162.5
INE0M2307321,8.9,2026-09-16,NSE,17.35
INE0M2307339,8.277,2026-09-25,BSE,7.95
INE0M2307347,7.75,2026-09-30,NSE,1.0
INE0M2307354,8.3846,2026-09-23,NSE,12.0
INE0M2307362,8.0103,2026-09-25,BSE,1.12
INE0M2307370,8.3911,2026-09-29,NSE,30.16
INE0M2307388,8.2141,2026-09-25,NSE,1.58
INE0M2307396,8.325,2026-10-07,BSE,4.5
INE0M2307404,8.1927,2026-09-22,NSE,2.5
INE0M2307412,8.292,2026-10-07,BSE,2.6
INE0MA107224,13.4615,2026-09-28,BSE,10.0
INE0MA107232,13.2865,2026-10-05,BSE,3.05
INE0MEG07011,13.5854,2026-10-01,BSE,2.64
INE0MHC07039,11.75,2026-09-25,NSE,25.0
INE0MHC07617,12.5,2026-09-29,BSE,15.0
INE0MHC07633,12.9458,2026-10-08,BSE,6.0
INE0MHC07682,11.0,2026-09-10,BSE,5.0
INE0MHC07690,12.1,2026-10-06,BSE,2.0
INE0MHC07724,13.0,2026-10-08,BSE,1.0
INE0MHC07732,13.7628,2026-09-29,BSE,10.0
INE0MYJ07120,12.2591,2026-10-08,NSE,1.18
INE0MYJ07138,10.95,2026-09-16,BSE,2.0
INE0MYJ07161,11.25,2026-10-05,BSE,5.0
INE0MYJ07179,10.824,2026-10-05,NSE,1.66
INE0MYJ07187,11.027,2026-10-05,BSE,11.08
INE0MYJ07195,11.7727,2026-10-08,NSE,3.05
INE0MYJ07203,12.0303,2026-10-09,BSE,8.25
INE0MYJ07211,11.8922,2026-10-09,BSE,26.0
INE0MZC07288,13.2325,2026-09-29,BSE,40.0
INE0N5S07052,13.2,2026-10-01,BSE,10.0
INE0NDH07050,8.23,2026-10-08,NSE,50.0
INE0NDS07156,18.2379,2026-10-09,BSE,2.0
INE0NES07121,11.15,2026-09-28,BSE,1.86
INE0NES07139,11.0,2026-10-05,NSE,5.35
INE0NES07162,12.0622,2026-09-23,BSE,49.0
INE0NES07238,11.335,2026-10-09,BSE,1.86
INE0NES07253,12.4947,2026-10-08,BSE,10.21
INE0NES07287,12.1232,2026-10-09,BSE,7.42
INE0NES07303,12.1137,2026-10-05,NSE,5.44
INE0NES07311,12.8597,2026-10-07,BSE,2.46
INE0NES07329,11.9148,2026-10-05,NSE,1.06
INE0NES07345,11.6255,2026-09-30,BSE,5.5
INE0NES07352,12.4135,2026-10-09,BSE,26.51
INE0O7U07046,11.9995,2026-09-16,BSE,2.03
INE0O7U07053,11.5993,2026-10-05,NSE,1.48
INE0OAD07020,13.0598,2026-10-06,BSE,21.75
INE0ONG08024,7.206,2026-09-30,NSE,25.0
INE0OOQ07684,12.5,2026-09-16,BSE,8.0
INE0OOQ07825,13.25,2026-10-05,BSE,5.0
INE0OOQ07833,12.6204,2026-10-09,BSE,9.47
INE0OOQ07841,12.5,2026-10-09,BSE,3.0
INE0OOQ07858,13.9275,2026-10-09,BSE,34.5
INE0OWY07129,15.66,2026-10-09,BSE,6.03
INE0P1407018,10.1136,2026-10-06,BSE,1.1
INE0P1407026,10.16,2026-10-07,BSE,2.0
INE0P1407059,10.0078,2026-10-08,BSE,10.0
INE0P1407067,10.3341,2026-10-08,BSE,9.5
INE0P1407075,10.3298,2026-10-08,BSE,1.26
INE0P1407083,10.318,2026-10-08,BSE,1.11
INE0P1407091,10.094,2026-10-08,BSE,1.23
INE0P3M07025,13.8179,2026-10-06,BSE,2.0
INE0P3M07033,14.0,2026-10-09,BSE,5.5
INE0P3M07041,14.0,2026-09-24,BSE,1.0
INE0P3O07013,10.98,2026-10-08,BSE,1.0
INE0P6G07160,13.5,2026-09-17,BSE,10.0
INE0P6G07194,12.7935,2026-10-09,BSE,4.98
INE0PB707060,12.0,2026-09-25,BSE,46.4
INE0PGQ18023,5.0,2026-09-17,NSE,733.47
INE0PM707406,14.8,2026-09-10,NSE,3.72
INE0PM707539,13.4,2026-10-09,BSE,7.0
INE0PM707562,14.0,2026-10-05,BSE,3.5
INE0PM707596,14.895,2026-10-08,BSE,1.0
INE0PM707604,12.8667,2026-10-09,BSE,10.5
INE0PM707620,13.1,2026-10-06,BSE,2.0
INE0PM707638,13.1375,2026-10-09,BSE,20.0
INE0PUF18027,5.0,2026-09-17,NSE,5.61
INE0QAU18018,5.0,2026-09-17,NSE,4.4
INE0QD007013,17.25,2026-10-05,NSE,150.0
INE0QGP07133,11.2,2026-10-06,BSE,1.0
INE0QGP07190,12.2188,2026-09-29,BSE,4.0
INE0QGP07299,12.25,2026-09-29,BSE,3.5
INE0QGP07307,12.1806,2026-10-06,BSE,10.0
INE0QGP07323,11.0,2026-09-25,BSE,4.0
INE0QGP07331,10.648,2026-09-23,BSE,10.0
INE0QPN07048,15.0,2026-10-06,BSE,10.0
INE0QPN07063,17.6863,2026-10-06,BSE,10.2
INE0R9407016,12.5982,2026-10-07,BSE,2.0
INE0RH707013,11.131,2026-10-06,NSE,1.23
INE0S3L07107,11.33,2026-09-29,BSE,15.0
INE0S7607128,12.0,2026-10-06,BSE,3.3
INE0SP318018,5.0,2026-09-17,NSE,10.58
INE0SPF18021,5.0,2026-09-17,NSE,97.52
INE0TLC07028,8.8806,2026-10-08,NSE,4.0
INE0TLC07051,9.3048,2026-09-25,BSE,1.88
INE0TLC07069,8.2514,2026-09-18,NSE,95.8
INE0TLC07077,8.1325,2026-10-07,BSE,1.81
INE0TLC07093,8.4676,2026-09-30,NSE,78.67
INE0TQI07016,9.0,2026-09-28,BSE,5.0
INE0TQI07032,9.0,2026-09-23,BSE,5.0
INE0U4E07023,21.9,2026-09-09,NSE,4.33
INE0U9A07012,19.75,2026-09-18,NSE,95.0
INE0VOV07051,13.0,2026-10-07,BSE,3.0
INE0WEL07051,15.8696,2026-10-05,BSE,1.15
INE0XK707267,14.0142,2026-10-05,BSE,3.51
INE0XK707291,16.0,2026-10-01,NSE,1.49
INE0XK707341,16.0,2026-10-01,NSE,5.45
INE0XK707424,13.55,2026-10-06,BSE,3.5
INE0XK707432,15.75,2026-10-06,BSE,20.0
INE0YRB07035,8.12,2026-09-23,BSE,10.0
INE0YRB07043,8.1,2026-09-29,NSE,10.0
INE0YTY07017,13.875,2026-09-30,BSE,13.78
INE0YTY07041,13.875,2026-09-30,BSE,5.62
INE0Z4807015,13.1188,2026-10-06,BSE,1.04
INE101Q07AZ8,10.45,2026-09-16,BSE,1.0
INE101Q07BQ5,10.3116,2026-09-15,NSE,1.63
INE101Q07BU7,10.8075,2026-09-28,NSE,1.28
INE101Q07BV5,11.0,2026-10-09,BSE,7.0
INE101Q07BY9,11.0,2026-10-06,BSE,3.0
INE101Q07CA7,10.8139,2026-09-23,NSE,1.28
INE101Q07CB5,10.6291,2026-10-09,BSE,2.58
INE103A08035,7.7608,2026-10-08,NSE,5.0
INE103A08050,7.8272,2026-10-06,NSE,3.0
INE103C07165,10.23,2026-09-21,BSE,1.0
INE103C07181,9.71,2026-10-01,BSE,1.5
INE109C07147,11.3268,2026-09-28,NSE,1.0
INE10A707144,14.25,2026-10-05,BSE,2.0
INE10R407068,17.7874,2026-10-09,BSE,12.0
INE115A07MQ6,7.89,2026-10-07,NSE,55.0
INE115A07MW4,7.96,2026-10-09,NSE,6.0
INE115A07NP6,7.96,2026-10-09,NSE,5.0
INE115A07PL0,8.17,2026-10-05,BSE,1.2
INE115A07PN6,6.0867,2026-10-09,NSE,150.0
INE115A07PR7,7.112,2026-09-21,NSE,125.0
INE115A07PV9,7.75,2026-09-29,NSE,25.0
INE115A07PY3,7.93,2026-09-18,NSE,25.0
INE115A07QA1,8.02,2026-09-25,NSE,10.0
INE115A07QC7,7.9,2026-10-08,NSE,5.0
INE115A07QI4,7.95,2026-09-22,NSE,40.0
INE115A07QK0,7.95,2026-09-22,NSE,50.0
INE115A07QN4,8.16,2026-10-08,NSE,25.0
INE115A07QO2,7.67,2026-10-08,NSE,25.0
INE115A07QP9,7.9301,2026-10-01,NSE,22.74
INE115A07QR5,7.9,2026-09-23,NSE,5.0
INE115A07QS3,7.6,2026-10-07,BSE,25.0
INE115A07QU9,8.04,2026-09-24,BSE,30.0
INE115A07QZ8,7.89,2026-10-07,NSE,280.0
INE115A07RA9,6.6,2026-10-01,NSE,5.0
INE115A07RB7,7.8347,2026-09-16,NSE,5.0
INE115A07RC5,8.1,2026-10-08,NSE,25.0
INE115A07RE1,7.05,2026-10-01,NSE,25.0
INE115A07RF8,7.97,2026-09-29,NSE,75.0
INE115A07RH4,7.87,2026-10-01,NSE,100.0
INE115A07RI2,7.95,2026-09-22,NSE,75.0
INE115A07RJ0,8.125,2026-10-09,NSE,50.0
INE115A07RK8,8.0325,2026-09-25,BSE,100.0
INE118D08078,8.25,2026-10-01,NSE,5.0
INE11BM07016,13.85,2026-09-25,BSE,2.8
INE11BM07024,15.0,2026-10-06,BSE,9.5
INE11BM07032,13.85,2026-09-25,BSE,13.7
INE11G507141,12.42,2026-10-01,BSE,5.0
INE11G507174,12.36,2026-09-25,BSE,24.0
INE11G507182,12.36,2026-09-25,BSE,22.0
INE11RT07199,15.75,2026-09-10,BSE,5.0
INE11RT07249,13.8077,2026-09-29,BSE,2.5
INE11RT07264,16.59,2026-09-10,BSE,15.0
INE11RT07280,15.951,2026-09-09,BSE,2.59
INE11RT07298,15.742,2026-10-08,BSE,1.13
INE121A07RO8,7.5,2026-10-05,NSE,20.0
INE121A07RT7,7.65,2026-10-07,BSE,35.0
INE121A07RV3,8.22,2026-09-22,BSE,25.0
INE121A07RX9,8.29,2026-09-22,NSE,25.0
INE121A07SB3,7.85,2026-09-21,NSE,25.0
INE121A07SG2,8.25,2026-10-05,NSE,175.0
INE121A07SH0,8.35,2026-10-09,NSE,15.0
INE121A07SL2,8.16,2026-10-09,BSE,10.0
INE121A07SN8,7.65,2026-09-09,NSE,325.0
INE121A07SR9,8.065,2026-09-29,NSE,50.0
INE121A08PF8,8.96,2026-10-05,BSE,1.15
INE121A08PQ5,9.6004,2026-10-08,BSE,3.0
INE121A08PR3,8.87,2026-09-24,BSE,2.0
INE121A08PX1,8.929,2026-09-21,NSE,5.04
INE121A08PY9,9.0419,2026-10-06,NSE,30.0
INE121A08PZ6,8.8801,2026-09-09,BSE,50.0
INE124N07671,7.3,2026-10-05,BSE,50.0
INE124N07697,8.725,2026-09-30,BSE,9.6
INE124N07754,9.4663,2026-09-28,NSE,200.0
INE124N07762,8.92,2026-09-25,BSE,5.0
INE124N07770,9.3917,2026-09-10,BSE,1.8
INE124N07820,9.4873,2026-10-09,BSE,25.0
INE125T07329,10.0,2026-10-08,BSE,2.05
INE128M08094,7.83,2026-10-01,NSE,20.0
INE12P207096,13.8774,2026-10-09,BSE,10.0
INE12VA07660,13.25,2026-09-22,BSE,1.8
INE12VA07751,14.5,2026-10-08,BSE,10.0
INE12VA07AA7,14.0,2026-09-21,BSE,1.68
INE12VA07AM2,14.0,2026-10-01,BSE,2.0
INE12VA07AP5,14.0862,2026-09-17,BSE,1.45
INE12VA07AR1,16.0,2026-10-07,BSE,3.3
INE12VA07AS9,13.7727,2026-10-08,BSE,3.3
INE12VA07AT7,11.0458,2026-10-09,BSE,3.55
INE12VA07AW1,14.4799,2026-10-06,BSE,5.7
INE134E07570,5.12,2026-10-08,BSE,2.05
INE134E08FQ1,7.47,2026-09-11,NSE,25.0
INE134E08IO0,6.74,2026-10-08,NSE,10.0
INE134E08IP7,6.88,2026-09-11,NSE,35.0
INE134E08IR3,6.72,2026-10-06,BSE,25.0
INE134E08IT9,6.95,2026-10-01,NSE,35.0
INE134E08IX1,7.05,2026-10-07,NSE,25.0
INE134E08JC3,7.55,2026-09-29,NSE,50.0
INE134E08JE9,7.45,2026-09-30,BSE,25.0
INE134E08JG4,7.22,2026-09-09,NSE,25.0
INE134E08JI0,7.6554,2026-09-22,BSE,25.0
INE134E08JR1,7.7,2026-09-22,NSE,8.0
INE134E08JX9,7.8005,2026-09-16,BSE,1.0
INE134E08JZ4,7.91,2026-10-09,NSE,5.0
INE134E08KI8,7.7,2026-09-17,NSE,50.0
INE134E08KL2,7.85,2026-10-01,NSE,25.0
INE134E08KV1,7.86,2026-10-01,NSE,25.0
INE134E08LA3,7.795,2026-10-07,NSE,24.4
INE134E08LX5,7.71,2026-10-01,NSE,2.5
INE134E08MB9,7.9,2026-10-08,NSE,150.0
INE134E08ME3,7.7,2026-09-10,NSE,50.0
INE134E08MF0,7.77,2026-09-16,NSE,2.5
INE134E08MJ2,7.5,2026-09-21,NSE,50.0
INE134E08MZ8,7.5,2026-09-16,NSE,25.0
INE134E08NB7,7.895,2026-10-09,NSE,1.0
INE134E08ND3,7.9,2026-09-30,NSE,50.0
INE134E08NJ0,7.88,2026-10-01,NSE,70.0
INE134E08NL6,7.57,2026-09-23,NSE,55.0
INE134E08NN2,7.88,2026-10-01,NSE,50.0
INE134E08NP7,7.78,2026-10-08,NSE,20.0
INE134E08NR3,8.0,2026-10-07,NSE,4.0
INE134E08NS1,7.68,2026-09-22,NSE,50.0
INE134E08NT9,7.54,2026-09-28,NSE,50.0
INE134E08NU7,7.79,2026-09-21,NSE,150.0
INE134E08OA7,7.6541,2026-10-05,NSE,85.0
INE134E08OC3,7.68,2026-10-09,NSE,10.0
INE134E08OD1,7.5187,2026-10-05,NSE,50.0
INE134E08OE9,7.6223,2026-10-06,NSE,80.0
INE134E08OF6,7.9149,2026-10-06,NSE,100.0
INE138I07028,8.5,2026-10-09,BSE,1.0
INE13HX07099,12.0836,2026-10-09,NSE,1.37
INE140A07831,8.335,2026-10-06,NSE,10.0
INE140R08064,8.7,2026-10-01,BSE,1.5
INE146O07540,8.7061,2026-09-29,NSE,28.0
INE146O08266,9.11,2026-09-28,NSE,1.04
INE146O08282,9.1034,2026-10-06,BSE,1.28
INE146O08373,9.2818,2026-09-28,NSE,3.3
INE146O08399,9.318,2026-10-08,NSE,4.47
INE146O08415,9.3468,2026-10-05,BSE,10.64
INE148I07GK5,9.8,2026-09-10,BSE,12.0
INE148I07GN9,12.2892,2026-09-09,BSE,9.49
INE148I07HX6,9.5726,2026-09-16,BSE,45.5
INE148I07RO4,9.1269,2026-09-18,NSE,1.0
INE148I07SS3,9.0,2026-09-22,BSE,1.39
INE148I07SY1,8.4359,2026-09-30,NSE,3.5
INE148I07TY9,9.1,2026-09-17,BSE,1.5
INE148I07UE9,8.8457,2026-09-22,NSE,5.0
INE148I07UK6,9.1,2026-09-23,BSE,18.0
INE148I07UX9,9.2,2026-09-24,BSE,3.9
INE148I07VV1,9.3,2026-09-28,BSE,10.0
INE148I07WP1,9.15,2026-09-11,BSE,1.96
INE148I07WZ0,9.375,2026-10-08,NSE,5.0
INE148I07YC5,9.5116,2026-10-05,BSE,2.5
INE148I07YF8,9.15,2026-10-05,BSE,4.8
INE148I07YJ0,9.0,2026-09-29,NSE,20.0
INE148I07YK8,9.25,2026-10-09,BSE,1.0
INE148I07YL6,9.2796,2026-10-09,BSE,110.0
INE148I07YM4,9.2249,2026-10-07,NSE,350.0
INE148I08298,9.25,2026-09-18,BSE,4.0
INE14H407017,11.75,2026-09-25,NSE,20.0
INE14H407108,11.7311,2026-09-15,NSE,1.06
INE14H407116,12.0253,2026-10-08,BSE,1.03
INE14H407124,11.5372,2026-10-06,BSE,5.0
INE14H407132,11.6699,2026-10-06,BSE,7.5
INE14H407157,11.9511,2026-10-09,NSE,21.54
INE153A08089,8.0814,2026-09-25,NSE,9.2
INE153A08097,8.25,2026-09-28,NSE,12.4
INE153A08113,8.1825,2026-09-18,NSE,50.0
INE153A08170,8.4556,2026-09-16,NSE,2.7
INE157D07EJ4,8.81,2026-10-08,BSE,10.48
INE157D07EM8,8.895,2026-10-09,BSE,2.0
INE157D07EN6,8.538,2026-09-28,BSE,10.18
INE160A08282,7.915,2026-09-24,BSE,30.0
INE160A08308,8.1125,2026-09-21,NSE,60.0
INE165U08024,8.0055,2026-10-09,NSE,29.2
INE168X08014,8.8196,2026-09-21,BSE,2.7
INE179P07613,12.6353,2026-10-06,NSE,2.94
INE180C07189,8.275,2026-10-07,NSE,8.0
INE180C07213,9.9889,2026-10-08,BSE,1.0
INE180C07221,8.5501,2026-09-22,BSE,4.0
INE180C07254,9.3043,2026-10-08,BSE,35.0
INE180C07288,9.2863,2026-10-08,BSE,15.0
INE180C07296,9.7516,2026-09-24,BSE,4.2
INE180C07304,9.4454,2026-10-06,NSE,2.21
INE180C07312,9.4779,2026-10-08,NSE,15.85
INE180C07338,9.8995,2026-10-08,BSE,1.0
INE18UV07012,8.1108,2026-10-07,BSE,40.0
INE18UV07020,8.19,2026-10-09,BSE,5.0
INE196P07252,8.0,2026-09-28,BSE,5.0
INE1BC007010,13.5,2026-10-05,BSE,1.64
INE1BC007051,15.75,2026-10-07,BSE,8.5
INE1BEC07011,11.422,2026-09-09,NSE,2.0
INE1C3207016,8.3,2026-09-30,BSE,1.5
INE1C3207024,8.325,2026-10-01,NSE,20.0
INE1C3207057,8.2977,2026-09-24,NSE,5.03
INE1C3207065,8.2439,2026-10-08,BSE,2.14
INE1C3207073,8.15,2026-09-25,BSE,7.8
INE1C3207081,8.1439,2026-09-25,BSE,3.3
INE1CRA07023,13.25,2026-10-05,BSE,3.0
INE1D4O08012,9.06,2026-10-01,NSE,5.0
INE1D4P08019,9.05,2026-09-30,NSE,5.0
INE1FPT07012,18.5802,2026-09-28,NSE,168.45
INE1FPT07020,18.3786,2026-09-28,NSE,31.1
INE1FPT07038,20.9979,2026-09-28,NSE,64.79
INE1J3Z07024,10.75,2026-09-23,BSE,6.5
INE1J7I07013,16.3329,2026-09-16,BSE,150.0
INE1JJ007122,13.7024,2026-09-17,BSE,1.0
INE1JJ007189,12.307,2026-09-16,BSE,30.0
INE1JJ007205,13.3,2026-10-09,BSE,2.0
INE1JJ007213,13.1967,2026-10-05,BSE,21.35
INE1JJ007221,13.41,2026-09-16,NSE,1.0
INE1JJ007254,13.0148,2026-09-29,BSE,10.0
INE1JJ007262,13.2818,2026-09-28,BSE,11.0
INE1JJ007270,13.3,2026-10-05,BSE,5.0
INE1JJ007312,12.6693,2026-09-22,NSE,20.0
INE1JJ007320,12.1156,2026-10-09,BSE,15.0
INE1QWF07097,11.0361,2026-10-09,NSE,3.66
INE1QWF07105,11.5136,2026-10-08,BSE,2.52
INE1VXE07015,11.75,2026-10-01,BSE,2.0
INE1VXE07023,12.2717,2026-10-01,BSE,14.05
INE1Z4L07014,15.0,2026-10-01,NSE,5.0
INE202B07JR4,8.4733,2026-10-07,NSE,75.0
INE202B07JS2,8.385,2026-09-18,NSE,100.0
INE202B07JT0,8.4996,2026-09-30,NSE,25.02
INE202B07JU8,8.5,2026-09-24,BSE,5.0
INE202B07JW4,8.5846,2026-10-09,NSE,30.0
INE202E07195,5.0514,2026-09-17,BSE,1.17
INE202E08284,7.81,2026-10-01,NSE,2.0
INE202E08318,7.85,2026-09-30,NSE,1.0
INE205A08038,8.25,2026-10-08,NSE,5.0
INE205A08095,8.82,2026-10-05,BSE,3.9
INE205A08103,8.7393,2026-10-05,NSE,145.0
INE206D08428,7.5,2026-09-23,NSE,25.0
INE206D08469,7.35,2026-09-09,NSE,55.0
INE210Y07014,10.4821,2026-10-08,BSE,1.05
INE219107021,16.0,2026-10-09,BSE,3.5
INE229U07178,11.4044,2026-09-30,NSE,1.55
INE229U07186,11.1,2026-10-06,BSE,1.5
INE233A08139,7.98,2026-09-10,NSE,50.0
INE238A08468,7.0502,2026-10-09,BSE,25.0
INE238A08492,8.07,2026-09-25,NSE,50.0
INE242A08502,6.8,2026-10-05,NSE,25.0
INE242A08536,7.25,2026-09-18,NSE,125.0
INE242A08544,7.25,2026-09-18,NSE,260.0
INE242A08551,7.4,2026-09-24,BSE,50.0
INE244B07243,10.7443,2026-10-05,BSE,1.12
INE244L07598,9.3,2026-09-28,BSE,24.9
INE244L08034,9.3962,2026-09-10,NSE,16.4
INE246R07582,7.72,2026-09-17,NSE,10.0
INE246R07897,7.3017,2026-09-25,NSE,2.01
INE246R07939,8.1906,2026-09-24,NSE,31.5
INE246R07954,8.2017,2026-10-06,NSE,25.0
INE248U07EW8,8.1,2026-10-08,BSE,2.41
INE248U07FT1,9.5,2026-09-23,BSE,10.0
INE248U07FU9,8.0,2026-10-08,BSE,5.0
INE248U07GA9,8.7,2026-09-21,NSE,10.0
INE248U07GC5,8.85,2026-10-09,NSE,10.0
INE248U07GD3,9.0,2026-09-22,BSE,3.0
INE248U07GK8,9.0,2026-09-17,BSE,34.0
INE261F07032,5.2137,2026-10-01,BSE,5.75
INE261F07057,5.325,2026-09-22,BSE,30.0
INE261F08691,7.72,2026-09-16,NSE,10.0
INE261F08931,7.67,2026-09-18,NSE,2.2
INE261F08AA4,7.55,2026-09-09,NSE,1.5
INE261F08AW8,7.615,2026-09-28,BSE,2.0
INE261F08AX6,7.516,2026-09-28,NSE,2.0
INE261F08BE4,7.63,2026-09-16,BSE,2.2
INE261F08BF1,7.6,2026-09-09,NSE,10.0
INE261F08BM7,7.6428,2026-09-09,BSE,1.4
INE261F08BT2,7.68,2026-09-18,NSE,1.0
INE261F08BX4,7.73,2026-09-18,NSE,20.0
INE261F08CC6,7.45,2026-09-24,BSE,2.0
INE261F08CF9,7.45,2026-09-18,NSE,90.0
INE261F08CM5,7.47,2026-09-11,NSE,50.0
INE261F08CN3,7.18,2026-09-18,NSE,4.0
INE261F08DV4,7.75,2026-09-28,NSE,100.0
INE261F08EB4,6.37,2026-09-29,NSE,50.0
INE261F08ED0,6.1983,2026-10-09,NSE,487.0
INE261F08EF5,7.05,2026-10-09,NSE,25.0
INE261F08EG3,7.9525,2026-10-08,NSE,100.0
INE261F08EH1,7.931,2026-10-08,NSE,105.0
INE261F08EI9,7.7036,2026-10-09,NSE,195.0
INE261F08EJ7,7.6509,2026-09-24,NSE,1.0
INE261F08EK5,7.775,2026-10-05,NSE,130.0
INE261F08EL3,7.97,2026-10-01,NSE,5.0
INE261F08EM1,7.825,2026-10-08,NSE,100.0
INE261F08EN9,7.95,2026-09-28,NSE,150.0
INE261F08EO7,7.88,2026-10-09,NSE,125.0
INE261F08EP4,7.88,2026-10-09,NSE,25.0
INE261F08EQ2,7.89,2026-10-09,NSE,25.0
INE261F08ES8,7.86,2026-10-09,NSE,100.0
INE261F08EU4,7.96,2026-10-09,NSE,25.0
INE261F08EV2,7.97,2026-10-09,NSE,125.0
INE268T07AN5,12.6723,2026-10-07,BSE,10.1
INE27BR15014,9.0,2026-09-28,BSE,30.0
INE281B07013,8.495,2026-09-30,BSE,66.44
INE282H07018,8.05,2026-09-21,NSE,50.0
INE282H07026,8.15,2026-10-01,BSE,5.0
INE282H07034,7.7854,2026-09-22,BSE,10.0
INE282H07059,8.37,2026-09-25,NSE,15.0
INE282H07067,8.446,2026-09-29,NSE,24.0
INE282H07075,8.26,2026-09-25,BSE,25.0
INE282H07125,8.47,2026-10-09,BSE,1.0
INE289B07131,7.85,2026-09-18,NSE,25.0
INE289B07149,8.28,2026-10-09,BSE,5.0
INE289B07156,8.1621,2026-09-30,NSE,50.0
INE296A07RS9,8.33,2026-09-30,NSE,50.0
INE296A07RZ4,7.92,2026-10-08,NSE,50.0
INE296A07SC1,7.98,2026-10-06,NSE,5.0
INE296A07SE7,8.03,2026-10-07,BSE,10.0
INE296A07SG2,8.13,2026-10-08,BSE,25.0
INE296A07SI8,8.2485,2026-09-25,NSE,140.0
INE296A07SO6,8.08,2026-09-16,NSE,50.0
INE296A07SQ1,8.15,2026-09-28,BSE,10.0
INE296A07SR9,7.5,2026-10-05,BSE,50.0
INE296A07SX7,7.84,2026-10-08,NSE,30.0
INE296A07SY5,8.3722,2026-10-08,BSE,10.0
INE296A07SZ2,8.4,2026-10-09,NSE,50.0
INE296A07TC9,7.6476,2026-10-07,BSE,60.0
INE296A07TD7,8.35,2026-10-01,NSE,50.0
INE296A07TF2,7.97,2026-10-08,NSE,50.0
INE296A07TG0,7.4,2026-10-09,NSE,25.0
INE296A07TH8,8.3508,2026-10-09,NSE,10.0
INE296A07TJ4,8.2725,2026-10-09,NSE,100.0
INE296A07TL0,8.4225,2026-10-09,BSE,30.0
INE296A07TN6,8.05,2026-10-09,BSE,5.0
INE296A07TR7,8.35,2026-10-01,NSE,50.0
INE296A07TT3,8.13,2026-10-05,NSE,15.0
INE296A07TW7,8.26,2026-10-01,NSE,25.0
INE296A07TX5,8.3575,2026-09-25,NSE,25.3
INE296A07TZ0,8.3,2026-10-08,BSE,20.0
INE296A07UA1,8.375,2026-10-07,NSE,100.0
INE296A07UB9,8.3,2026-10-09,BSE,25.0
INE296A07UC7,8.4,2026-10-09,NSE,6.0
INE296A07UF0,8.35,2026-10-09,BSE,25.0
INE296G07218,11.0848,2026-09-15,NSE,1.55
INE296G07325,9.98,2026-10-09,BSE,2.0
INE296G07333,9.7994,2026-10-09,BSE,2.68
INE296G07341,10.06,2026-10-09,NSE,5.0
INE296H08032,11.4945,2026-09-28,BSE,1.7
INE296Q07076,13.2159,2026-10-06,NSE,1.69
INE296Q07167,12.2333,2026-09-30,BSE,7.5
INE296Q07175,13.35,2026-10-01,BSE,5.0
INE296Q07183,11.28,2026-10-06,BSE,8.5
INE2BA907012,12.0,2026-09-18,BSE,22.8
INE2BA907020,12.0,2026-10-07,BSE,53.9
INE2BA907038,12.0,2026-10-08,BSE,50.7
INE2BA907046,12.0,2026-10-07,BSE,17.2
INE2BA907053,12.0,2026-09-10,BSE,58.5
INE2BA907079,12.0,2026-09-16,BSE,78.0
INE2BA907087,11.19,2026-09-09,NSE,30.0
INE2BA907095,10.5,2026-10-08,BSE,1.0
INE2BFH07023,16.867,2026-10-07,BSE,2.45
INE2C2R07011,11.9845,2026-10-05,NSE,3.45
INE2GLH07020,15.04,2026-10-08,BSE,2.7
INE2I4607011,10.8854,2026-09-09,NSE,15.0
INE2I7F15012,7.8,2026-10-08,BSE,96.68
INE2I7G15010,7.9,2026-09-25,BSE,48.84
INE2IWB07018,15.1037,2026-09-11,NSE,2.5
INE2LQA07024,10.9,2026-10-06,NSE,1.0
INE2M2107016,9.74,2026-10-01,BSE,1.0
INE2OA407026,14.705,2026-10-07,BSE,20.0
INE2OFZ18017,10.0,2026-09-15,NSE,507.0
INE2OTQ07143,15.0,2026-09-16,BSE,6.5
INE2Q0007011,15.25,2026-09-30,BSE,2.35
INE2QI808033,9.0,2026-10-01,NSE,10.0
INE2QMV07010,13.0,2026-10-09,BSE,2.5
INE2QMV07028,15.0558,2026-10-09,BSE,17.5
INE2QMV07036,14.9785,2026-09-29,BSE,10.0
INE2QMV07044,10.9147,2026-09-29,BSE,15.0
INE2QMV07069,15.0,2026-10-05,BSE,2.5
INE2R5J15017,11.5,2026-09-25,NSE,24.83
INE2RN115019,11.0,2026-09-29,BSE,1.5
INE2SAS07017,13.0,2026-09-22,NSE,19.0
INE2SFF07013,17.5,2026-10-07,BSE,1.0
INE2SFF07021,18.95,2026-10-09,NSE,130.0
INE2T2Q07022,8.1,2026-10-07,BSE,1.4
INE2T2Q07030,8.36,2026-09-22,BSE,2.0
INE2T2Q07048,8.1636,2026-09-17,BSE,5.75
INE2T2Q07055,8.19,2026-10-06,BSE,1.0
INE2T2Q07063,8.2996,2026-10-05,BSE,1.96
INE2T2Q07071,8.36,2026-09-22,BSE,1.0
INE2T2Q07105,8.25,2026-09-23,NSE,1.01
INE2T2Q07139,8.25,2026-09-23,NSE,1.5
INE2T2Q07147,8.4,2026-09-30,NSE,3.65
INE2T2Q07154,8.4,2026-09-30,NSE,1.47
INE2T2Q07162,8.85,2026-09-17,BSE,2.0
INE2T2Q07170,8.25,2026-09-23,NSE,2.5
INE2T2Q07188,8.5136,2026-09-18,NSE,8.44
INE2T2Q07204,8.3021,2026-09-09,BSE,4.5
INE2T2Q07212,8.305,2026-10-05,BSE,1.14
INE2T2Q07220,8.3057,2026-10-08,BSE,2.0
INE2T2Q07238,8.2829,2026-10-01,BSE,5.57
INE2T2Q07261,8.6,2026-09-29,NSE,24.04
INE2T2Q07279,8.6,2026-09-30,NSE,11.0
INE2T2Q07295,8.4184,2026-10-08,NSE,6.0
INE2T2Q07303,8.4925,2026-09-29,NSE,1.06
INE2T2Q07311,8.5202,2026-09-18,NSE,7.8
INE2TAC08017,9.7451,2026-09-21,BSE,25.0
INE2TQ907022,14.0,2026-09-21,BSE,10.0
INE2TXL07012,11.7935,2026-09-09,NSE,25.0
INE2U2007037,17.2127,2026-09-17,BSE,11.0
INE2UFO07011,14.75,2026-10-06,BSE,69.1
INE2UU815010,8.9,2026-09-23,BSE,7.4
INE2UU815028,9.75,2026-09-28,BSE,10.0
INE2UUJ07036,20.4722,2026-09-21,BSE,2.76
INE2UUJ07044,15.0,2026-10-06,BSE,2.0
INE2UUJ07077,14.2028,2026-09-22,BSE,2.0
INE2UUJ07085,14.05,2026-09-22,BSE,15.0
INE2UUJ07093,13.5038,2026-09-23,BSE,1.3
INE2UUJ07101,14.6681,2026-10-09,BSE,12.0
INE2UX615011,11.0,2026-09-30,BSE,2.0
INE2V4F07027,16.5,2026-10-09,BSE,1.2
INE2V4F07035,15.3663,2026-09-29,BSE,4.6
INE2V4Q15019,8.85,2026-09-21,NSE,1.19
INE2V4Q15027,10.76,2026-10-05,NSE,1.07
INE2VA015010,11.0,2026-10-01,BSE,5.0
INE2VGA07024,17.4832,2026-10-09,BSE,2.25
INE2VWF08010,5.9416,2026-09-29,BSE,4.0
INE2VY607016,15.25,2026-10-07,BSE,1.0
INE2W9A15011,11.5,2026-09-09,BSE,2.0
INE2W9A15029,11.7295,2026-09-15,NSE,2.9
INE2WGZ07011,13.85,2026-10-08,BSE,5.0
INE2WGZ07029,13.85,2026-09-25,BSE,49.7
INE2WSJ07010,14.0579,2026-10-09,BSE,4.08
INE2XNN07011,15.7349,2026-10-05,BSE,2.5
INE2ZQF07015,19.5416,2026-09-28,BSE,1.3
INE2ZVB15017,10.8186,2026-09-30,NSE,9.96
INE303715010,13.2326,2026-09-21,BSE,14.3
INE306N07MQ4,7.5254,2026-09-29,BSE,1.2
INE306N07MX0,8.1,2026-10-08,NSE,5.0
INE306N07NI9,8.13,2026-10-07,BSE,25.0
INE306N07NO7,7.0066,2026-10-09,NSE,760.0
INE30CD07013,17.781,2026-09-29,BSE,20.0
INE30CX07011,16.6608,2026-10-09,BSE,3.9
INE30O007016,13.96,2026-10-08,BSE,1.0
INE30PK07010,17.74,2026-10-08,BSE,12.9
INE312X08026,12.9792,2026-10-07,BSE,3.72
INE316W07138,10.0,2026-10-08,BSE,1.0
INE316W07146,10.7818,2026-10-05,BSE,2.75
INE316Z08022,8.25,2026-09-11,NSE,15.0
INE321N07483,8.725,2026-09-28,BSE,1.82
INE321N07525,9.37,2026-10-09,BSE,1.58
INE321N07533,9.2045,2026-09-28,BSE,15.28
INE321N07590,9.3,2026-10-07,BSE,2.0
INE321N07624,9.3854,2026-10-05,BSE,1.0
INE321N07632,9.22,2026-10-07,BSE,4.7
INE321N07681,9.5413,2026-09-17,BSE,2.0
INE321N07699,9.5215,2026-10-08,BSE,11.94
INE321N07715,14.07,2026-09-18,BSE,1.0
INE321N07723,10.0,2026-10-09,BSE,5.0
INE321N07731,10.0,2026-10-07,BSE,10.0
INE321N07749,5.34,2026-10-05,NSE,1.05
INE322J08040,5.95,2026-10-05,NSE,400.0
INE323I07141,14.5,2026-10-06,BSE,1.2
INE323I07158,14.5,2026-10-06,BSE,50.0
INE338I07180,8.1578,2026-09-24,NSE,200.0
INE338I07206,8.6755,2026-10-09,BSE,10.0
INE340M08160,7.2418,2026-09-28,NSE,1.0
INE342T07494,10.0407,2026-10-05,NSE,1.02
INE342T07544,10.0558,2026-10-07,BSE,1.26
INE342T07569,11.1325,2026-10-05,NSE,1.03
INE342T07619,10.395,2026-10-09,BSE,2.69
INE342T07627,10.0,2026-09-29,BSE,1.2
INE342T07635,11.3454,2026-10-09,BSE,3.51
INE342T07650,9.0038,2026-10-05,NSE,1.33
INE342T07668,10.9132,2026-10-07,NSE,1.21
INE342T07684,10.8792,2026-10-09,NSE,1.39
INE342T07700,10.95,2026-10-08,NSE,2.0
INE342T07718,10.6717,2026-10-09,BSE,3.84
INE342T07726,10.7212,2026-10-07,BSE,2.62
INE342T07742,11.0,2026-10-09,NSE,2.11
INE342T07759,10.6667,2026-10-09,BSE,4.71
INE342T08096,11.695,2026-10-09,BSE,2.21
INE342T08104,11.55,2026-10-08,BSE,1.0
INE345H07062,11.6917,2026-10-09,BSE,90.0
INE348L07209,8.98,2026-09-10,NSE,5.0
INE348L07316,8.83,2026-10-09,BSE,6.0
INE348L07332,8.3133,2026-10-09,NSE,1.35
INE348L07340,9.2,2026-09-10,BSE,3.0
INE348L07415,9.594,2026-09-16,NSE,2.06
INE348L07423,9.4753,2026-10-05,NSE,25.05
INE377Y07300,7.82,2026-09-30,NSE,60.0
INE377Y07417,8.15,2026-10-06,NSE,25.0
INE377Y07458,8.4,2026-09-29,NSE,25.0
INE377Y07482,7.8867,2026-10-06,NSE,75.0
INE377Y07508,8.4,2026-09-29,NSE,25.0
INE377Y07516,8.3209,2026-09-28,BSE,5.0
INE377Y07532,8.07,2026-10-05,NSE,25.0
INE377Y07557,7.0599,2026-10-01,NSE,15.0
INE377Y07565,8.13,2026-10-05,NSE,25.0
INE377Y07607,8.165,2026-10-09,BSE,15.0
INE377Y07615,8.1,2026-10-08,NSE,50.0
INE377Y07631,8.33,2026-09-29,NSE,50.0
INE377Y07649,8.24,2026-10-05,NSE,50.0
INE377Y07656,8.35,2026-10-05,NSE,125.0
INE377Y07664,8.375,2026-10-08,NSE,40.0
INE377Y07672,8.25,2026-09-30,NSE,50.0
INE377Y07680,8.4064,2026-10-08,NSE,40.0
INE377Y07698,7.8615,2026-10-05,NSE,125.0
INE381Y08037,8.87,2026-10-09,NSE,6.0
INE385W07059,12.0,2026-09-30,BSE,12.5
INE385W07067,11.1534,2026-09-28,NSE,1.25
INE385W07075,11.4,2026-10-05,BSE,1.09
INE385W07083,10.3228,2026-10-08,BSE,1.5
INE389Z07054,9.7383,2026-10-08,BSE,11.18
INE389Z07070,10.5764,2026-09-28,NSE,20.13
INE389Z07096,10.75,2026-10-08,BSE,7.55
INE389Z07104,10.7489,2026-10-08,BSE,3.51
INE389Z07112,10.3859,2026-09-28,NSE,1.55
INE389Z07120,9.69,2026-10-09,BSE,2.2
INE403D08207,6.92,2026-10-06,NSE,25.0
INE403D08215,8.28,2026-09-16,BSE,10.0
INE403D08231,8.12,2026-10-08,NSE,150.0
INE403D08264,8.4121,2026-09-30,NSE,28.53
INE403D08272,8.0825,2026-10-08,NSE,200.0
INE403D08280,8.3,2026-10-08,NSE,10.0
INE403D08298,8.36,2026-10-01,BSE,30.0
INE403D08306,8.12,2026-10-08,NSE,50.0
INE403D08314,8.0461,2026-10-09,BSE,10.0
INE403D08322,8.4125,2026-10-01,NSE,100.0
INE403Q07FN3,9.9,2026-10-06,BSE,2.5
INE403Q07FQ6,10.1574,2026-10-09,NSE,2.5
INE403Q07GB6,10.7,2026-10-09,NSE,15.0
INE403Q07GF7,10.5984,2026-10-09,NSE,22.63
INE403Q07GX0,10.1842,2026-09-24,NSE,1.35
INE403Q07HB4,10.5399,2026-10-08,NSE,2.03
INE403Q08340,12.0811,2026-10-07,BSE,2.49
INE403Q08357,12.0,2026-10-09,NSE,1.27
INE406M08011,7.45,2026-09-29,NSE,50.0
INE406M08029,8.35,2026-10-07,NSE,5.0
INE410P08024,8.25,2026-09-10,NSE,125.0
INE413U07426,10.5913,2026-09-23,NSE,1.97
INE413U07434,10.46,2026-09-25,BSE,5.0
INE413U07442,10.92,2026-09-21,NSE,4.25
INE413U07459,10.246,2026-10-08,NSE,1.36
INE413U07467,10.77,2026-09-29,BSE,1.0
INE413U07475,10.608,2026-10-09,BSE,1.2
INE413U07483,10.0869,2026-10-09,BSE,2.49
INE413U07491,10.3852,2026-10-08,BSE,5.06
INE413U08093,10.947,2026-10-09,NSE,4.64
INE414G07II5,8.4855,2026-09-18,NSE,1.4
INE414G07IR6,8.83,2026-10-05,NSE,12.0
INE414G07IS4,8.7,2026-09-23,NSE,10.0
INE414G07IV8,8.05,2026-09-21,BSE,8.0
INE414G07JB8,8.35,2026-10-09,NSE,10.0
INE414G07JF9,8.6,2026-10-09,NSE,85.0
INE414G07JH5,8.0,2026-10-09,NSE,75.0
INE414G07JI3,8.73,2026-10-05,NSE,25.0
INE414G07JM5,8.81,2026-10-09,NSE,90.0
INE414G07JN3,8.7,2026-10-07,BSE,10.0
INE414G07JO1,8.7,2026-10-07,BSE,20.0
INE414G07JP8,8.69,2026-10-09,BSE,2.0
INE414G07JQ6,8.6917,2026-10-09,NSE,30.0
INE414G07JR4,8.9,2026-10-06,NSE,15.0
INE414G07JS2,8.85,2026-09-30,NSE,25.0
INE414G07JU8,8.7,2026-09-17,NSE,250.0
INE414G07JX2,8.9,2026-09-29,NSE,50.0
INE414G07JY0,8.8159,2026-10-09,NSE,10.0
INE414G07KB6,8.6524,2026-10-09,BSE,9.0
INE414G08355,8.948,2026-10-09,NSE,18.0
INE416P07031,15.09,2026-10-06,NSE,46.5
INE420C07163,10.1,2026-09-10,BSE,1.49
INE420C07197,9.9382,2026-10-09,NSE,1.11
INE420C07205,9.6076,2026-10-05,BSE,1.1
INE420C07213,9.9618,2026-09-29,BSE,2.24
INE420C07239,10.4625,2026-09-11,BSE,2.51
INE420C07247,10.4235,2026-09-09,BSE,25.17
INE423A07328,8.5869,2026-10-01,NSE,1.95
INE423A07344,9.76,2026-10-01,BSE,1.0
INE423A07492,8.6,2026-10-05,BSE,1.0
INE423A07526,9.0,2026-09-18,BSE,4.0
INE423A07534,8.7209,2026-09-28,BSE,4.06
INE432R07414,8.35,2026-10-06,NSE,25.0
INE432R07489,8.36,2026-09-29,BSE,6.0
INE443L07174,9.1495,2026-09-18,BSE,5.05
INE448U07307,10.0072,2026-10-07,BSE,1.22
INE448U07364,10.0,2026-10-01,NSE,25.0
INE457A08183,8.16,2026-10-06,NSE,20.0
INE460K08061,8.0877,2026-10-07,NSE,12.5
INE468N08118,9.04,2026-09-23,BSE,22.55
INE468N08134,9.42,2026-09-23,BSE,25.1
INE471X08053,8.9815,2026-10-09,BSE,5.5
INE471X08061,9.0523,2026-09-30,BSE,20.0
INE476A08175,7.75,2026-10-06,BSE,1.0
INE476A08217,7.9,2026-09-11,BSE,7.0
INE476A08241,8.005,2026-09-15,BSE,20.0
INE476A08266,7.8083,2026-09-25,BSE,3.0
INE476A08274,7.2188,2026-10-09,NSE,8.0
INE476A08282,8.145,2026-10-07,BSE,1.0
INE477A07415,6.975,2026-10-06,NSE,30.0
INE480D07033,11.926,2026-09-09,NSE,2.52
INE481G08131,7.51,2026-09-09,NSE,150.0
INE481G08156,7.65,2026-10-07,NSE,75.0
INE487N07037,12.0,2026-10-01,BSE,3.0
INE487N07045,12.0,2026-09-18,BSE,6.8
INE487N07060,12.0,2026-09-17,BSE,1.5
INE498L07012,7.35,2026-10-09,BSE,25.0
INE498L07046,8.1543,2026-10-08,BSE,40.0
INE498L07152,8.6,2026-10-09,NSE,1.2
INE498L07202,7.8372,2026-09-17,NSE,1.14
INE498L07228,8.0492,2026-09-23,NSE,100.0
INE498L08069,8.2278,2026-10-05,BSE,7.0
INE501X07661,9.5752,2026-10-06,BSE,5.32
INE501X07703,11.0,2026-09-28,BSE,2.0
INE501X07729,9.8326,2026-09-30,BSE,1.0
INE501X07745,10.5919,2026-10-09,NSE,2.24
INE504H07AV1,8.0,2026-09-18,NSE,1.31
INE504H07BJ4,8.0,2026-09-15,NSE,6.5
INE504H07CB9,8.0,2026-10-08,NSE,80.0
INE504H07DH4,8.0,2026-10-09,NSE,45.6
INE507T07112,6.0,2026-10-05,NSE,350.0
INE507T07153,7.9891,2026-09-10,NSE,230.0
INE511C07854,8.125,2026-10-09,NSE,100.0
INE511C07870,7.75,2026-09-09,NSE,100.0
INE511C07896,7.6631,2026-10-01,BSE,5.1
INE511C07938,7.8992,2026-09-21,NSE,3.0
INE511C07946,7.6,2026-10-08,NSE,10.0
INE511C07953,8.239,2026-10-09,BSE,9.0
INE511C07AA1,8.05,2026-09-29,BSE,3.0
INE511C07AC7,8.25,2026-09-18,BSE,15.0
INE511C07AE3,8.2935,2026-10-05,NSE,100.0
INE511C08AN2,8.4969,2026-10-06,NSE,6.0
INE511N08040,8.5714,2026-10-09,NSE,15.0
INE513Q08015,17.51,2026-09-25,NSE,15.0
INE514E08FJ9,6.9,2026-10-07,NSE,75.0
INE514E08FN1,7.38,2026-09-30,NSE,20.0
INE514E08FP6,7.3,2026-09-17,NSE,75.0
INE514E08GB4,7.58,2026-09-25,NSE,50.0
INE514E08GD0,7.65,2026-10-01,NSE,50.0
INE515Q08283,12.3954,2026-09-09,NSE,2.0
INE516Q07473,10.2592,2026-09-21,NSE,5.09
INE516Q07481,9.8995,2026-10-08,NSE,50.12
INE516Q08372,12.0,2026-09-25,NSE,50.0
INE516Q08497,10.6728,2026-10-07,BSE,3.16
INE516Y07444,9.14,2026-10-09,NSE,3.46
INE522D07CJ3,8.8,2026-10-08,NSE,250.0
INE522D07CK1,8.49,2026-09-09,BSE,5.0
INE522D07CL9,8.64,2026-10-09,BSE,10.0
INE522D08022,9.0837,2026-10-06,NSE,21.0
INE522D08030,9.0244,2026-10-05,BSE,5.2
INE523L07AM2,8.6,2026-10-07,BSE,2.0
INE523L07AQ3,9.0772,2026-09-11,NSE,25.0
INE523L07AR1,9.435,2026-10-08,BSE,4.22
INE523L07AU5,8.9072,2026-09-24,NSE,14.0
INE530B07468,8.285,2026-09-28,BSE,5.76
INE530B07534,8.744,2026-09-11,BSE,4.0
INE530B07617,9.22,2026-10-08,BSE,14.52
INE530B07658,9.4998,2026-09-28,BSE,2.0
INE530B07666,8.645,2026-10-09,BSE,2.0
INE530B07674,9.4887,2026-10-09,BSE,5.01
INE530B07690,10.8882,2026-10-09,BSE,3.04
INE530B08193,9.73,2026-10-08,BSE,15.0
INE530B08201,9.8554,2026-10-07,BSE,30.0
INE530B08227,9.83,2026-10-09,BSE,30.0
INE530B08235,9.3001,2026-10-07,BSE,30.0
INE530B08243,9.879,2026-10-05,NSE,5.0
INE530B08250,8.9827,2026-10-01,NSE,4.0
INE530B08268,9.7527,2026-10-09,BSE,5.0
INE530B08276,9.8812,2026-10-06,NSE,115.0
INE530L07AE4,9.9336,2026-09-29,BSE,10.0
INE530L07AK1,9.6212,2026-09-29,BSE,35.0
INE530L07BJ1,11.0,2026-09-30,BSE,13.0
INE532F07GZ4,10.9542,2026-09-22,BSE,1.03
INE535H07CH0,7.76,2026-09-24,NSE,25.0
INE535H07CQ1,8.3,2026-10-06,NSE,200.0
INE537P07646,7.4,2026-09-25,NSE,25.0
INE537P07745,8.09,2026-09-23,BSE,5.0
INE537P07836,8.275,2026-09-23,NSE,20.0
INE537P07919,7.9979,2026-10-05,NSE,800.0
INE537P07927,5.8493,2026-10-05,NSE,400.0
INE537P07935,8.1997,2026-10-01,NSE,272.0
INE538F07157,21.55,2026-10-06,BSE,2.8
INE539K07189,8.916,2026-09-30,NSE,2.5
INE539K07338,8.9086,2026-09-15,NSE,1.01
INE539K07353,8.65,2026-10-07,BSE,10.0
INE539K07361,9.2407,2026-10-08,NSE,10.0
INE545L07069,13.5,2026-09-25,BSE,10.0
INE549K07GE3,9.5103,2026-09-21,NSE,2.5
INE549K07HA9,9.5168,2026-10-05,BSE,2.0
INE549K07HB7,8.2809,2026-10-07,NSE,1.22
INE549K07HD3,8.2861,2026-10-07,NSE,1.13
INE549K07HQ5,9.21,2026-10-09,BSE,1.0
INE549K07IF6,9.4402,2026-09-22,NSE,1.41
INE549K07IV3,9.6724,2026-10-09,BSE,3.2
INE549K07IW1,9.6731,2026-10-06,NSE,1.53
INE549K07JC1,9.4,2026-10-08,BSE,5.0
INE549K07JD9,9.4718,2026-09-25,NSE,15.0
INE549K07JE7,9.4899,2026-10-06,BSE,10.0
INE549K07JH0,9.521,2026-09-25,NSE,68.0
INE549K08533,10.5497,2026-09-11,BSE,17.72
INE549K08541,10.4998,2026-10-01,BSE,2.01
INE549K08566,10.2241,2026-10-05,BSE,2.24
INE549K08574,10.3,2026-09-30,BSE,19.66
INE549K08590,10.7028,2026-10-09,BSE,17.14
INE549K08608,11.45,2026-09-29,BSE,1.0
INE549K08632,10.7551,2026-09-30,BSE,5.33
INE549K08640,10.9026,2026-09-21,NSE,4.0
INE556F08KK5,7.62,2026-10-09,NSE,100.0
INE556F08KL3,7.8,2026-09-25,NSE,5.0
INE556F08KM1,7.59,2026-10-06,NSE,125.0
INE556F08KN9,7.7,2026-10-07,NSE,25.0
INE556F08KO7,7.6,2026-10-07,NSE,150.0
INE556F08KP4,7.713,2026-10-09,NSE,75.0
INE556F08KQ2,7.36,2026-09-10,NSE,30.0
INE556F08KR0,7.75,2026-09-23,NSE,40.0
INE556F08KS8,7.85,2026-09-24,NSE,75.0
INE556F08KT6,7.93,2026-10-07,NSE,75.0
INE556F08KU4,7.84,2026-09-30,NSE,100.0
INE556F08KW0,7.9,2026-10-08,NSE,50.0
INE556F08KX8,7.935,2026-10-08,NSE,25.0
INE556F08KY6,7.97,2026-10-08,NSE,25.0
INE556F08KZ3,7.72,2026-09-18,NSE,50.0
INE556F08LA4,7.89,2026-10-08,NSE,275.0
INE556F08LB2,7.77,2026-09-21,NSE,30.0
INE556F08LC0,7.865,2026-09-30,NSE,50.0
INE556F08LD8,7.745,2026-09-29,NSE,50.0
INE556F08LF3,7.865,2026-10-05,NSE,10.0
INE556F08LG1,7.81,2026-10-05,NSE,400.0
INE556F08LH9,7.885,2026-10-09,BSE,10.0
INE557F08FY4,7.455,2026-10-09,NSE,25.0
INE557F08FZ1,7.46,2026-10-01,NSE,50.0
INE557F08GB0,7.695,2026-09-15,NSE,25.0
INE557F08GD6,7.8,2026-09-24,NSE,180.0
INE557F08GE4,7.85,2026-09-24,NSE,5.0
INE559N07058,12.3821,2026-09-10,NSE,70.0
INE565A08068,7.6677,2026-09-25,NSE,2.0
INE572E07167,6.8,2026-10-05,NSE,50.0
INE572E07183,7.9,2026-09-24,NSE,25.0
INE572E07316,8.1434,2026-10-08,NSE,1.0
INE572J07760,12.6557,2026-10-08,BSE,23.63
INE572J07794,11.2035,2026-09-15,NSE,2.12
INE572J07810,11.9104,2026-10-06,NSE,1.15
INE575P08032,8.1127,2026-09-28,BSE,10.0
INE575P08040,7.7659,2026-09-28,BSE,8.0
INE581T07034,15.0,2026-09-25,NSE,5.0
INE582L08078,8.25,2026-09-11,NSE,85.0
INE583C07010,12.18,2026-09-29,BSE,22.0
INE583C07028,18.64,2026-09-29,BSE,40.0
INE583D07612,10.3276,2026-10-05,NSE,5.07
INE583D07620,10.9997,2026-10-08,NSE,1.56
INE583D07638,10.8482,2026-09-21,BSE,2.53
INE583D07661,10.9495,2026-10-09,NSE,12.73
INE583D07687,10.7804,2026-10-09,NSE,7.61
INE583D08115,12.9796,2026-10-09,BSE,1.75
INE598T07061,11.0,2026-09-28,BSE,5.9
INE598T07087,11.1,2026-10-09,BSE,6.1
INE604O07217,10.49,2026-10-06,NSE,100.0
INE604O07233,9.5353,2026-10-09,BSE,11.02
INE604O07241,10.49,2026-10-06,NSE,50.0
INE604O07258,10.3667,2026-10-08,BSE,15.0
INE605Y07148,8.72,2026-09-09,BSE,1.16
INE605Y07189,9.3,2026-09-17,BSE,3.0
INE605Y07205,9.74,2026-10-08,BSE,10.0
INE605Y07213,9.69,2026-10-08,BSE,12.1
INE607M08121,7.79,2026-09-30,NSE,59.2
INE612U07159,9.7,2026-09-30,BSE,2.0
INE612U08074,11.9,2026-10-09,NSE,1.25
INE615R07067,13.4,2026-09-10,NSE,33.0
INE622Z08015,11.25,2026-10-05,BSE,1.45
INE629B07013,21.9,2026-09-10,NSE,1.98
INE634S07025,7.1,2026-09-17,NSE,100.0
INE634S07033,8.0,2026-10-05,BSE,5.0
INE636F08082,7.6436,2026-09-21,BSE,1.0
INE641O08035,8.9,2026-09-25,BSE,6.6
INE647U07114,8.7498,2026-10-07,BSE,1.0
INE647U07148,9.0452,2026-09-30,BSE,88.0
INE651J07986,8.3,2026-09-29,BSE,25.0
INE657H08076,8.9793,2026-10-08,NSE,150.0
INE657N07613,11.5424,2026-09-09,BSE,1.48
INE658F08094,8.8407,2026-09-18,NSE,16.9
INE658F08110,8.55,2026-09-23,BSE,1.08
INE658F08136,8.6029,2026-09-18,BSE,1.05
INE658F08300,9.3381,2026-09-09,NSE,1.7
INE658F08441,8.7003,2026-09-09,NSE,6.04
INE658F08458,8.6914,2026-09-10,BSE,4.13
INE658F08474,8.6,2026-10-01,BSE,1.0
INE658F08490,8.4789,2026-10-01,BSE,1.27
INE658F08508,8.824,2026-09-17,BSE,5.01
INE658F08532,8.357,2026-09-17,BSE,1.04
INE658F08540,8.7595,2026-09-11,BSE,1.0
INE658F08557,8.7463,2026-09-25,NSE,18.0
INE658R07430,7.72,2026-10-08,NSE,25.0
INE660A07RI7,8.25,2026-09-15,NSE,1.3
INE660A07RN7,7.84,2026-09-11,NSE,100.0
INE660A07RQ0,7.1,2026-09-28,NSE,85.0
INE660A07RU2,6.8833,2026-10-07,NSE,75.0
INE660A07RX6,8.15,2026-09-25,NSE,100.0
INE660A07RY4,7.83,2026-10-08,NSE,50.0
INE660A07SA2,7.875,2026-09-11,NSE,100.0
INE660A08CB2,8.3718,2026-09-15,BSE,1.1
INE667F07IG4,7.65,2026-09-30,BSE,15.0
INE667F07II0,7.35,2026-09-09,BSE,15.0
INE667F07JA5,7.435,2026-09-09,NSE,45.0
INE667F07JB3,8.05,2026-09-28,NSE,25.0
INE667F07JH0,8.12,2026-10-01,BSE,15.0
INE667F07JI8,8.0658,2026-09-17,NSE,50.0
INE674K07036,8.19,2026-09-29,BSE,10.0
INE674K07069,7.89,2026-09-09,NSE,20.0
INE674K07143,8.3422,2026-10-08,NSE,10.0
INE674K07150,8.1,2026-10-05,NSE,75.0
INE674K07168,8.25,2026-09-24,NSE,30.0
INE674K08018,8.15,2026-09-16,NSE,1.0
INE674K08083,8.4813,2026-10-09,BSE,10.7
INE685A07132,8.025,2026-10-09,NSE,20.0
INE685A07173,8.2,2026-10-09,NSE,40.0
INE692Q07563,8.08,2026-09-16,BSE,25.0
INE692Q07613,8.22,2026-10-06,BSE,50.0
INE697K07128,14.0,2026-09-25,BSE,5.89
INE697K07136,14.0,2026-09-29,BSE,43.57
INE697K07144,14.0,2026-09-29,BSE,25.0
INE721A07QO7,7.9912,2026-10-05,BSE,25.0
INE721A07RQ0,7.1,2026-09-17,NSE,25.0
INE721A07RV0,7.465,2026-09-29,BSE,10.0
INE721A07RZ1,8.67,2026-10-05,NSE,6.0
INE721A07SA2,7.9,2026-09-17,BSE,2.1
INE721A07SI5,8.225,2026-09-23,NSE,1.5
INE721A07SK1,8.065,2026-09-10,NSE,100.0
INE721A07SL9,8.2,2026-09-29,BSE,10.0
INE721A07SS4,8.29,2026-09-30,NSE,97.5
INE723X07125,8.01,2026-09-29,NSE,9.1
INE723X07166,7.3978,2026-09-11,BSE,22.79
INE723X07174,8.8142,2026-10-05,BSE,24.0
INE723X07224,8.6236,2026-09-29,BSE,25.45
INE723X07265,8.75,2026-09-09,NSE,6.0
INE723X07273,8.85,2026-10-07,BSE,25.0
INE723X07281,9.15,2026-10-05,BSE,10.0
INE723X07315,9.1,2026-10-05,BSE,70.0
INE723X07323,8.8253,2026-10-05,BSE,25.0
INE723X07331,8.935,2026-10-09,BSE,2.08
INE723X07349,8.4869,2026-09-18,BSE,50.0
INE725H08170,7.0,2026-10-05,NSE,25.0
INE725H08204,8.33,2026-09-18,NSE,5.0
INE729N07115,7.9,2026-09-25,BSE,15.0
INE729N08063,8.0,2026-10-09,BSE,10.0
INE729N08071,8.55,2026-09-11,NSE,95.0
INE729N08121,8.725,2026-10-09,BSE,20.0
INE733E07JT8,5.13,2026-10-08,BSE,5.0
INE733E07KL3,7.49,2026-10-08,BSE,25.0
INE734I07024,12.0788,2026-09-09,BSE,2.0
INE734I07032,12.2917,2026-09-22,BSE,4.0
INE734I07115,12.0426,2026-10-09,NSE,2.98
INE735W08053,11.6802,2026-09-25,BSE,6.99
INE735W08079,12.225,2026-10-01,NSE,99.34
INE741K07629,8.8102,2026-09-10,BSE,1.0
INE741K07645,9.4551,2026-10-09,BSE,4.22
INE743L07011,10.0,2026-10-08,BSE,8.5
INE752E07KL3,5.6,2026-09-16,NSE,10.0
INE752E07LC0,7.2,2026-09-18,BSE,50.0
INE752E07LR8,7.2982,2026-09-10,BSE,5.0
INE752E07OC4,6.35,2026-09-29,NSE,50.0
INE752E07OE0,6.84,2026-09-18,NSE,55.0
INE752E08551,7.6,2026-10-05,NSE,145.0
INE752E08577,7.45,2026-09-15,NSE,65.0
INE752E08726,7.6796,2026-09-22,NSE,552.0
INE752E08742,7.6775,2026-09-22,NSE,84.0
INE752E08767,7.7101,2026-09-17,NSE,100.0
INE752E08817,7.7337,2026-10-05,NSE,88.28
INE756I07EJ2,7.9,2026-09-24,NSE,135.0
INE756I07EU9,6.8,2026-10-05,NSE,50.0
INE756I07EV7,7.9653,2026-09-28,NSE,1500.0
INE756I07EX3,7.98,2026-10-05,NSE,250.0
INE756I07EY1,7.61,2026-09-24,BSE,10.0
INE756I07FB6,7.96,2026-09-21,NSE,2.5
INE756I07FG5,7.975,2026-10-07,BSE,48.0
INE756I07FI1,8.6,2026-10-09,NSE,3.7
INE756I07FO9,7.3195,2026-09-15,NSE,10.0
INE756I07FQ4,8.24,2026-10-07,BSE,10.0
INE756I07FR2,8.1,2026-09-17,BSE,50.0
INE756I07FS0,8.1,2026-09-30,NSE,2.5
INE756I08173,8.1026,2026-09-22,NSE,1.0
INE760I07086,9.09,2026-10-01,BSE,1.4
INE763G08967,8.22,2026-09-25,BSE,25.0
INE774D07UM6,8.0,2026-10-06,NSE,5.0
INE774D07VF8,8.25,2026-10-09,BSE,50.0
INE774D07VJ0,8.0,2026-10-07,NSE,155.0
INE774D07VK8,8.0,2026-10-01,NSE,85.0
INE774D07VO0,8.1,2026-09-24,NSE,175.0
INE774D07VQ5,8.33,2026-10-08,BSE,100.0
INE774D08MV2,8.97,2026-10-05,BSE,1.0
INE774D08MX8,8.4762,2026-10-05,NSE,100.0
INE776C08075,9.792,2026-10-07,NSE,10.12
INE776C08083,9.73,2026-10-08,BSE,5.0
INE776C08091,9.4,2026-10-08,NSE,100.0
INE786X07BM8,11.8847,2026-10-09,BSE,7.5
INE786X07BN6,14.5088,2026-10-09,BSE,9.5
INE787H07057,7.8247,2026-10-09,BSE,4.0
INE787H07149,5.265,2026-09-24,BSE,1.99
INE787H07198,5.265,2026-09-16,BSE,2.0
INE787H08113,7.98,2026-10-09,NSE,1.8
INE787H08212,6.7776,2026-10-09,NSE,1.9
INE787H08220,7.5921,2026-10-05,BSE,40.0
INE798X07028,12.0768,2026-09-30,NSE,172.0
INE798X07036,12.0785,2026-09-30,NSE,253.0
INE802J07019,8.79,2026-09-18,NSE,100.0
INE802J07027,8.71,2026-10-07,NSE,250.0
INE804I08734,10.25,2026-09-22,BSE,4.8
INE808K08061,13.0,2026-10-08,BSE,10.0
INE808K08079,11.7932,2026-09-25,NSE,100.0
INE813H07440,8.2975,2026-10-08,NSE,100.0
INE814H07190,8.55,2026-09-25,NSE,25.0
INE814O07600,14.4233,2026-10-08,BSE,5.1
INE814O07634,13.0,2026-10-09,BSE,1.35
INE814O07642,12.325,2026-10-06,BSE,1.8
INE818F07161,8.0858,2026-09-24,BSE,1.4
INE831R07425,7.25,2026-09-24,NSE,10.0
INE831R07474,6.45,2026-09-23,NSE,68.0
INE831R07557,7.77,2026-09-16,NSE,60.0
INE831R07565,8.25,2026-09-29,NSE,50.0
INE831R07573,8.15,2026-10-07,BSE,15.0
INE831R07581,8.25,2026-10-01,NSE,100.0
INE831R07656,8.15,2026-09-25,NSE,118.3
INE831R08118,8.3363,2026-10-01,NSE,55.0
INE836B07915,10.872,2026-10-05,NSE,1.5
INE836K07262,9.7,2026-10-07,BSE,1.0
INE836K07320,9.8064,2026-10-05,BSE,6.69
INE836K08047,9.09,2026-09-16,BSE,14.0
INE848E08482,7.2738,2026-10-08,NSE,2.0
INE848E08557,7.2617,2026-10-08,NSE,2.0
INE848E08565,7.2682,2026-10-08,NSE,2.0
INE854B07041,13.22,2026-09-30,NSE,80.0
INE859C07188,9.5,2026-09-24,NSE,1.13
INE859C07204,9.2,2026-09-24,NSE,1.31
INE859C07212,9.4725,2026-09-24,NSE,1.89
INE859C07220,8.715,2026-09-25,BSE,1.62
INE859C07253,9.1993,2026-10-09,NSE,1.42
INE859C07279,9.5404,2026-10-01,NSE,1.0
INE859C07295,9.56,2026-10-08,BSE,5.4
INE859C07303,9.771,2026-09-24,BSE,2.49
INE860H07GM3,8.1527,2026-09-18,NSE,14.0
INE860H07ID8,8.148,2026-10-08,BSE,3.5
INE860H07II7,8.16,2026-10-08,NSE,35.0
INE860H07IQ0,6.74,2026-09-10,NSE,3.18
INE860H07IY4,7.65,2026-09-22,BSE,5.0
INE860H07JA2,8.34,2026-10-06,BSE,50.0
INE860H07JC8,8.22,2026-09-28,NSE,50.0
INE861D07026,11.8072,2026-10-07,NSE,1.99
INE861G08050,7.85,2026-09-30,NSE,25.0
INE861G08068,7.7651,2026-09-11,NSE,5.0
INE861G08076,7.9,2026-09-29,NSE,25.0
INE882Z08015,11.3232,2026-10-07,BSE,5.5
INE882Z08031,11.2349,2026-09-23,NSE,1.13
INE882Z08064,10.5254,2026-10-01,BSE,3.01
INE882Z08080,10.506,2026-10-08,BSE,1.69
INE883F07330,7.85,2026-09-21,NSE,10.0
INE883F07405,8.65,2026-10-07,NSE,25.0
INE891K07721,6.7,2026-09-10,NSE,5.0
INE891K07853,8.9214,2026-10-05,BSE,1.0
INE891K07952,7.9,2026-09-24,BSE,50.0
INE891K07AG7,8.0,2026-09-23,NSE,10.0
INE891K07AN3,8.275,2026-09-30,BSE,50.0
INE891K07AP8,8.21,2026-09-30,NSE,1.0
INE891K08208,7.8345,2026-09-24,NSE,10.04
INE896L07991,9.65,2026-09-17,BSE,5.0
INE896L07AA7,9.1991,2026-09-18,NSE,3.41
INE896L07AF6,8.1,2026-10-06,NSE,10.0
INE896L07AQ3,9.235,2026-10-08,BSE,9.04
INE906B07EF6,5.0622,2026-09-10,BSE,2.5
INE906B07EI0,5.06,2026-09-10,BSE,1.36
INE906B07EO8,5.0509,2026-10-09,BSE,1.41
INE906B07HE2,7.38,2026-09-09,NSE,5.0
INE906B07HH5,7.42,2026-09-24,NSE,25.0
INE906B07IG5,7.9633,2026-09-22,BSE,5.0
INE906B07II1,7.85,2026-10-09,NSE,5.0
INE909H08352,8.0,2026-09-29,BSE,150.0
INE909H08360,8.0,2026-09-11,BSE,100.0
INE909H08378,8.0,2026-09-25,BSE,100.0
INE911L07162,11.8917,2026-10-08,NSE,4.41
INE911L08053,13.0,2026-09-25,NSE,15.0
INE912E08AE7,8.19,2026-09-21,NSE,5.0
INE916DA7RP6,8.02,2026-10-06,NSE,25.0
INE916DA7RX0,7.6,2026-09-09,NSE,25.0
INE916DA7SE8,8.16,2026-09-29,NSE,100.0
INE916DA7SJ7,8.2,2026-09-29,NSE,50.0
INE916DA7SL3,6.7,2026-10-08,NSE,25.0
INE916DA7SP4,6.95,2026-09-23,NSE,5.0
INE916DA7SQ2,8.04,2026-09-17,BSE,50.0
INE916DA7ST6,8.08,2026-09-28,NSE,100.0
INE916DA7SW0,8.04,2026-09-15,BSE,25.0
INE916DA7SX8,8.58,2026-10-05,NSE,25.0
INE916DA7TD8,8.04,2026-09-23,NSE,25.0
INE916DA7TE6,8.09,2026-09-24,NSE,50.0
INE916DA7TF3,8.18,2026-09-17,NSE,50.0
INE916DA7TM9,8.05,2026-09-15,NSE,75.0
INE916DA7TN7,8.25,2026-10-01,NSE,25.0
INE916DA7TO5,8.1306,2026-09-16,NSE,22.0
INE916DA7TP2,8.16,2026-09-25,BSE,150.0
INE916Y07073,12.6875,2026-09-23,BSE,6.0
INE916Y07081,10.6128,2026-10-07,NSE,1.37
INE916Y07107,13.1459,2026-09-25,BSE,20.15
INE916Y07115,12.5626,2026-10-07,BSE,2.71
INE918K07KG7,9.0,2026-09-15,NSE,2.6
INE918K07KR4,9.0,2026-10-08,NSE,2.1
INE918K07MQ2,9.0,2026-09-15,NSE,1.0
INE918K07MW0,9.0,2026-09-15,NSE,1.7
INE918K07NG1,9.0,2026-09-24,NSE,1.2
INE918K07PR3,8.78,2026-09-23,BSE,3.78
INE918K07QF6,9.2454,2026-09-25,BSE,9.0
INE918K07QK6,9.2067,2026-09-24,BSE,14.5
INE918K07QS9,9.2138,2026-09-09,NSE,1.56
INE918K07QT7,10.0,2026-10-09,BSE,7.0
INE918K07QV3,10.0,2026-10-01,BSE,2.9
INE918K07QZ4,9.1471,2026-10-07,BSE,27.0
INE918K08035,9.5956,2026-09-09,BSE,25.0
INE918T07152,10.3694,2026-10-09,BSE,2.0
INE918T07194,10.11,2026-09-30,BSE,49.75
INE926R07027,17.5702,2026-10-06,BSE,5.12
INE926R07043,13.3781,2026-09-15,NSE,1.25
INE926R07050,13.0286,2026-10-09,BSE,2.03
INE926R07068,16.2934,2026-10-07,BSE,15.82
INE930P07023,6.8933,2026-09-18,NSE,160.0
INE932X07056,10.6589,2026-10-05,NSE,1.46
INE932X07064,11.324,2026-09-17,BSE,1.04
INE936D07174,6.0,2026-09-11,NSE,25.0
INE936D07190,7.9991,2026-09-30,NSE,50.0
INE939L08039,8.6,2026-10-01,NSE,10.0
INE939X07242,11.0,2026-09-25,BSE,1.2
INE939X07259,11.1956,2026-10-05,NSE,1.03
INE939X07267,11.225,2026-09-09,NSE,2.12
INE939X07275,11.112,2026-10-09,BSE,1.52
INE941D07158,6.15,2026-10-05,NSE,320.0
INE941D07166,6.2,2026-10-05,NSE,175.0
INE950O07487,8.285,2026-10-06,NSE,2.0
INE950O07552,7.9,2026-10-09,BSE,5.0
INE950O07578,8.045,2026-09-11,NSE,12.0
INE950O08295,8.34,2026-09-10,NSE,7.0
INE957N07799,7.725,2026-09-10,NSE,500.0
INE957N08193,9.1,2026-10-08,NSE,4.0
INE957N08201,8.9541,2026-10-01,NSE,1.22
INE961U07010,11.0904,2026-10-05,NSE,3.1
INE961U07028,10.95,2026-10-09,NSE,1.54
INE964R07135,15.489,2026-10-09,NSE,1.02
INE964R07143,16.1551,2026-09-28,BSE,1.92
INE964R07150,13.6872,2026-10-09,BSE,2.22
INE964R07168,13.2385,2026-10-09,NSE,2.25
INE975F07IO5,7.1,2026-09-24,NSE,77.0
INE975F07IS6,8.14,2026-09-25,NSE,5.0
INE975F07IW8,8.1718,2026-10-05,BSE,50.0
INE975F07IX6,8.2038,2026-10-01,NSE,75.0
INE975F07JB0,8.285,2026-10-06,BSE,35.0
INE975F07JC8,8.07,2026-09-23,BSE,10.0
INE976I07CT9,7.8,2026-10-01,BSE,25.0
INE976I07CX1,8.1616,2026-10-07,NSE,3.1
INE976I07CY9,7.7843,2026-09-21,NSE,250.0
INE976I07DC3,7.4,2026-10-09,NSE,50.0
INE976I07DF6,8.35,2026-10-06,NSE,200.0
INE976I07DG4,8.3202,2026-10-05,NSE,190.09
INE976I07DH2,8.3698,2026-10-09,NSE,100.07
INE982X08067,22.12,2026-10-01,NSE,8.8
INE985V08015,9.95,2026-10-07,BSE,20.0
INE996U07339,13.46,2026-10-01,BSE,12.0
INE996U07537,12.4983,2026-09-28,BSE,40.0
INE996U07560,11.6593,2026-09-22,NSE,1.0
INE996U07594,11.7823,2026-10-09,NSE,1.06
INE998Y07196,12.7831,2026-09-09,BSE,1.0
